<?xml version="1.0" ?>
<AnalyticsReport>
  <Report name="Browsers">
    <Title id="Title">
      <CompareStateHelp>Compare report data to overall site performance and include report data when calculating site performance (% of Site Total or Site Avg.).</CompareStateHelp>
      <ShowDateControl>true</ShowDateControl>
      <PrimaryDateRange>September 11, 2010 - October 11, 2010</PrimaryDateRange>
      <Compare>false</Compare>
      <Sampled>false</Sampled>
      <CompareStateMsg>Site</CompareStateMsg>
      <Name>Browsers</Name>
      <CompareMsg>Comparing to:</CompareMsg>
      <ProfileName>www.componentone.com</ProfileName>
      <FilterApplied>false</FilterApplied>
      <ShowCompare>true</ShowCompare>
      <DetailSeparator> | </DetailSeparator>
    </Title>
    <Graph id="Graph">
      <ShowHover>true</ShowHover>
      <Format>NORMAL</Format>
      <XAxisTitle>Day</XAxisTitle>
      <Compare>false</Compare>
      <XAxisLabel>Sep 13</XAxisLabel>
      <XAxisLabel>Sep 20</XAxisLabel>
      <XAxisLabel>Sep 27</XAxisLabel>
      <XAxisLabel>Oct 4</XAxisLabel>
      <XAxisLabel>Oct 11</XAxisLabel>
      <SelectedSerie>primary</SelectedSerie>
      <SelectedSerie>compare</SelectedSerie>
      <Serie>
        <SelectionStartIndex>0</SelectionStartIndex>
        <SelectionEndIndex>30</SelectionEndIndex>
        <Style>
          <Name>primary-blue</Name>
          <PointShape>CIRCLE</PointShape>
          <PointRadius>9</PointRadius>
          <FillColor>30668</FillColor>
          <FillAlpha>10</FillAlpha>
          <LineThickness>4</LineThickness>
          <ActiveColor>30668</ActiveColor>
          <InactiveColor>11654895</InactiveColor>
        </Style>
        <Id>primary</Id>
        <Label>Visits</Label>
        <YLabel>0</YLabel>
        <YLabel>2,500</YLabel>
        <YLabel>5,000</YLabel>
        <ValueCategory>visits</ValueCategory>
        <Point>
          <Value>2,055</Value>
          <Label>Saturday, September 11, 2010</Label>
        </Point>
        <Point>
          <Value>2,280</Value>
          <Label>Sunday, September 12, 2010</Label>
        </Point>
        <Point>
          <Value>4,567</Value>
          <Label>Monday, September 13, 2010</Label>
        </Point>
        <Point>
          <Value>4,749</Value>
          <Label>Tuesday, September 14, 2010</Label>
        </Point>
        <Point>
          <Value>4,727</Value>
          <Label>Wednesday, September 15, 2010</Label>
        </Point>
        <Point>
          <Value>4,480</Value>
          <Label>Thursday, September 16, 2010</Label>
        </Point>
        <Point>
          <Value>3,679</Value>
          <Label>Friday, September 17, 2010</Label>
        </Point>
        <Point>
          <Value>2,253</Value>
          <Label>Saturday, September 18, 2010</Label>
        </Point>
        <Point>
          <Value>2,275</Value>
          <Label>Sunday, September 19, 2010</Label>
        </Point>
        <Point>
          <Value>4,409</Value>
          <Label>Monday, September 20, 2010</Label>
        </Point>
        <Point>
          <Value>4,439</Value>
          <Label>Tuesday, September 21, 2010</Label>
        </Point>
        <Point>
          <Value>4,107</Value>
          <Label>Wednesday, September 22, 2010</Label>
        </Point>
        <Point>
          <Value>4,502</Value>
          <Label>Thursday, September 23, 2010</Label>
        </Point>
        <Point>
          <Value>3,629</Value>
          <Label>Friday, September 24, 2010</Label>
        </Point>
        <Point>
          <Value>2,090</Value>
          <Label>Saturday, September 25, 2010</Label>
        </Point>
        <Point>
          <Value>2,445</Value>
          <Label>Sunday, September 26, 2010</Label>
        </Point>
        <Point>
          <Value>4,320</Value>
          <Label>Monday, September 27, 2010</Label>
        </Point>
        <Point>
          <Value>4,378</Value>
          <Label>Tuesday, September 28, 2010</Label>
        </Point>
        <Point>
          <Value>4,487</Value>
          <Label>Wednesday, September 29, 2010</Label>
        </Point>
        <Point>
          <Value>4,012</Value>
          <Label>Thursday, September 30, 2010</Label>
        </Point>
        <Point>
          <Value>3,344</Value>
          <Label>Friday, October 1, 2010</Label>
        </Point>
        <Point>
          <Value>1,851</Value>
          <Label>Saturday, October 2, 2010</Label>
        </Point>
        <Point>
          <Value>2,200</Value>
          <Label>Sunday, October 3, 2010</Label>
        </Point>
        <Point>
          <Value>4,175</Value>
          <Label>Monday, October 4, 2010</Label>
        </Point>
        <Point>
          <Value>4,364</Value>
          <Label>Tuesday, October 5, 2010</Label>
        </Point>
        <Point>
          <Value>4,739</Value>
          <Label>Wednesday, October 6, 2010</Label>
        </Point>
        <Point>
          <Value>4,483</Value>
          <Label>Thursday, October 7, 2010</Label>
        </Point>
        <Point>
          <Value>3,696</Value>
          <Label>Friday, October 8, 2010</Label>
        </Point>
        <Point>
          <Value>2,045</Value>
          <Label>Saturday, October 9, 2010</Label>
        </Point>
        <Point>
          <Value>2,409</Value>
          <Label>Sunday, October 10, 2010</Label>
        </Point>
        <Point>
          <Value>4,131</Value>
          <Label>Monday, October 11, 2010</Label>
        </Point>
      </Serie>
    </Graph>
    <Narrative id="Narrative">
      <Line>
        <LineType>NORMAL</LineType>
        <Content>111,320 visits used 35 browsers</Content>
      </Line>
      <Type>NORMAL</Type>
      <Compare>false</Compare>
    </Narrative>
    <Scorecard id="Scorecard">
      <Group>
        <Item>
          <Name>Visits</Name>
          <HelpMsg>The number of visits to your site.</HelpMsg>
          <Active>true</Active>
          <Line>
            <Value>111,320</Value>
            <Label>% of Site Total:</Label>
            <DisplayValue>false</DisplayValue>
          </Line>
          <Line>
            <Value>111,320</Value>
            <Label>% of Site Total:</Label>
            <PercentChange>100.00%</PercentChange>
            <DisplayValue>false</DisplayValue>
          </Line>
          <InverseCompare>false</InverseCompare>
          <Segments>false</Segments>
          <Goal>false</Goal>
          <Sparkline>
            <PrimaryValue>2055.0</PrimaryValue>
            <PrimaryValue>2280.0</PrimaryValue>
            <PrimaryValue>4567.0</PrimaryValue>
            <PrimaryValue>4749.0</PrimaryValue>
            <PrimaryValue>4727.0</PrimaryValue>
            <PrimaryValue>4480.0</PrimaryValue>
            <PrimaryValue>3679.0</PrimaryValue>
            <PrimaryValue>2253.0</PrimaryValue>
            <PrimaryValue>2275.0</PrimaryValue>
            <PrimaryValue>4409.0</PrimaryValue>
            <PrimaryValue>4439.0</PrimaryValue>
            <PrimaryValue>4107.0</PrimaryValue>
            <PrimaryValue>4502.0</PrimaryValue>
            <PrimaryValue>3629.0</PrimaryValue>
            <PrimaryValue>2090.0</PrimaryValue>
            <PrimaryValue>2445.0</PrimaryValue>
            <PrimaryValue>4320.0</PrimaryValue>
            <PrimaryValue>4378.0</PrimaryValue>
            <PrimaryValue>4487.0</PrimaryValue>
            <PrimaryValue>4012.0</PrimaryValue>
            <PrimaryValue>3344.0</PrimaryValue>
            <PrimaryValue>1851.0</PrimaryValue>
            <PrimaryValue>2200.0</PrimaryValue>
            <PrimaryValue>4175.0</PrimaryValue>
            <PrimaryValue>4364.0</PrimaryValue>
            <PrimaryValue>4739.0</PrimaryValue>
            <PrimaryValue>4483.0</PrimaryValue>
            <PrimaryValue>3696.0</PrimaryValue>
            <PrimaryValue>2045.0</PrimaryValue>
            <PrimaryValue>2409.0</PrimaryValue>
            <PrimaryValue>4131.0</PrimaryValue>
            <SparklineValueType>visits</SparklineValueType>
            <ControlForGraphMetric>true</ControlForGraphMetric>
            <Compare>false</Compare>
          </Sparkline>
        </Item>
        <Item>
          <Name>Pages/Visit</Name>
          <HelpMsg>The average number of pages viewed during a visit to your site. Repeated views of a single page are counted.</HelpMsg>
          <Active>true</Active>
          <Line>
            <Value>2.99</Value>
            <Label>Site Avg:</Label>
            <DisplayValue>true</DisplayValue>
          </Line>
          <Line>
            <Value>2.99</Value>
            <Label>Site Avg:</Label>
            <PercentChange>0.00%</PercentChange>
            <DisplayValue>true</DisplayValue>
          </Line>
          <InverseCompare>false</InverseCompare>
          <Segments>false</Segments>
          <Goal>false</Goal>
          <Sparkline>
            <PrimaryValue>2.6739659367396595</PrimaryValue>
            <PrimaryValue>2.501754385964912</PrimaryValue>
            <PrimaryValue>3.0488285526603898</PrimaryValue>
            <PrimaryValue>3.0886502421562434</PrimaryValue>
            <PrimaryValue>3.0497144066003807</PrimaryValue>
            <PrimaryValue>2.8533482142857145</PrimaryValue>
            <PrimaryValue>3.0407719488991574</PrimaryValue>
            <PrimaryValue>2.7705281846426986</PrimaryValue>
            <PrimaryValue>2.6254945054945056</PrimaryValue>
            <PrimaryValue>2.85733726468587</PrimaryValue>
            <PrimaryValue>2.9279116918224823</PrimaryValue>
            <PrimaryValue>2.870708546384222</PrimaryValue>
            <PrimaryValue>2.9891159484673477</PrimaryValue>
            <PrimaryValue>3.081289611463213</PrimaryValue>
            <PrimaryValue>2.85933014354067</PrimaryValue>
            <PrimaryValue>2.729243353783231</PrimaryValue>
            <PrimaryValue>3.1627314814814813</PrimaryValue>
            <PrimaryValue>3.111694837825491</PrimaryValue>
            <PrimaryValue>3.0612881658123468</PrimaryValue>
            <PrimaryValue>3.046111665004985</PrimaryValue>
            <PrimaryValue>2.962918660287081</PrimaryValue>
            <PrimaryValue>2.812533765532145</PrimaryValue>
            <PrimaryValue>2.6845454545454546</PrimaryValue>
            <PrimaryValue>2.9846706586826346</PrimaryValue>
            <PrimaryValue>3.2016498625114576</PrimaryValue>
            <PrimaryValue>3.1981430681578393</PrimaryValue>
            <PrimaryValue>3.213919250501896</PrimaryValue>
            <PrimaryValue>3.022727272727273</PrimaryValue>
            <PrimaryValue>2.880684596577017</PrimaryValue>
            <PrimaryValue>2.8634288086342883</PrimaryValue>
            <PrimaryValue>3.1832486080852096</PrimaryValue>
            <SparklineValueType>pageviews/visits</SparklineValueType>
            <ControlForGraphMetric>true</ControlForGraphMetric>
            <Compare>false</Compare>
          </Sparkline>
        </Item>
        <Item>
          <Name>Avg. Time on Site</Name>
          <HelpMsg>The average duration of a visit to your site.</HelpMsg>
          <Active>true</Active>
          <Line>
            <Value>00:02:51</Value>
            <Label>Site Avg:</Label>
            <DisplayValue>true</DisplayValue>
          </Line>
          <Line>
            <Value>00:02:51</Value>
            <Label>Site Avg:</Label>
            <PercentChange>0.00%</PercentChange>
            <DisplayValue>true</DisplayValue>
          </Line>
          <InverseCompare>false</InverseCompare>
          <Segments>false</Segments>
          <Goal>false</Goal>
          <Sparkline>
            <PrimaryValue>142.93722627737228</PrimaryValue>
            <PrimaryValue>117.61140350877193</PrimaryValue>
            <PrimaryValue>178.40486095905408</PrimaryValue>
            <PrimaryValue>181.86944619919984</PrimaryValue>
            <PrimaryValue>188.08038925322614</PrimaryValue>
            <PrimaryValue>164.10848214285716</PrimaryValue>
            <PrimaryValue>167.6365860288122</PrimaryValue>
            <PrimaryValue>145.1220594762539</PrimaryValue>
            <PrimaryValue>143.72923076923078</PrimaryValue>
            <PrimaryValue>158.7983669766387</PrimaryValue>
            <PrimaryValue>163.8501914845686</PrimaryValue>
            <PrimaryValue>157.8354029705381</PrimaryValue>
            <PrimaryValue>168.42114615726345</PrimaryValue>
            <PrimaryValue>174.39845687517223</PrimaryValue>
            <PrimaryValue>144.42344497607655</PrimaryValue>
            <PrimaryValue>179.31533742331288</PrimaryValue>
            <PrimaryValue>181.9365740740741</PrimaryValue>
            <PrimaryValue>184.65806304248514</PrimaryValue>
            <PrimaryValue>172.09449520837975</PrimaryValue>
            <PrimaryValue>170.32926221335993</PrimaryValue>
            <PrimaryValue>181.6892942583732</PrimaryValue>
            <PrimaryValue>141.34629929767692</PrimaryValue>
            <PrimaryValue>164.05818181818182</PrimaryValue>
            <PrimaryValue>174.99976047904192</PrimaryValue>
            <PrimaryValue>196.36044912923924</PrimaryValue>
            <PrimaryValue>184.39523106140535</PrimaryValue>
            <PrimaryValue>188.79544947579745</PrimaryValue>
            <PrimaryValue>167.45075757575756</PrimaryValue>
            <PrimaryValue>139.7046454767726</PrimaryValue>
            <PrimaryValue>151.47322540473226</PrimaryValue>
            <PrimaryValue>196.05204550956185</PrimaryValue>
            <SparklineValueType>visit_duration/visits</SparklineValueType>
            <ControlForGraphMetric>true</ControlForGraphMetric>
            <Compare>false</Compare>
          </Sparkline>
        </Item>
        <Item>
          <Name>% New Visits</Name>
          <HelpMsg>The percentage of visits by people who had never visited your site before.</HelpMsg>
          <Active>true</Active>
          <Line>
            <Value>68.24%</Value>
            <Label>Site Avg:</Label>
            <DisplayValue>true</DisplayValue>
          </Line>
          <Line>
            <Value>68.13%</Value>
            <Label>Site Avg:</Label>
            <PercentChange>0.15%</PercentChange>
            <DisplayValue>true</DisplayValue>
          </Line>
          <InverseCompare>false</InverseCompare>
          <Segments>false</Segments>
          <Goal>false</Goal>
          <Sparkline>
            <PrimaryValue>0.7717761557177616</PrimaryValue>
            <PrimaryValue>0.7697368421052632</PrimaryValue>
            <PrimaryValue>0.6669586161594044</PrimaryValue>
            <PrimaryValue>0.6721415034744157</PrimaryValue>
            <PrimaryValue>0.6600380791199493</PrimaryValue>
            <PrimaryValue>0.6573660714285714</PrimaryValue>
            <PrimaryValue>0.6806197336232672</PrimaryValue>
            <PrimaryValue>0.7634265423879272</PrimaryValue>
            <PrimaryValue>0.7437362637362638</PrimaryValue>
            <PrimaryValue>0.6699931957359946</PrimaryValue>
            <PrimaryValue>0.6629871592701059</PrimaryValue>
            <PrimaryValue>0.6691015339663988</PrimaryValue>
            <PrimaryValue>0.6721457130164371</PrimaryValue>
            <PrimaryValue>0.6844860843207495</PrimaryValue>
            <PrimaryValue>0.7794258373205741</PrimaryValue>
            <PrimaryValue>0.750920245398773</PrimaryValue>
            <PrimaryValue>0.6627314814814815</PrimaryValue>
            <PrimaryValue>0.6630881681132937</PrimaryValue>
            <PrimaryValue>0.6474258970358814</PrimaryValue>
            <PrimaryValue>0.6535393818544367</PrimaryValue>
            <PrimaryValue>0.6845095693779905</PrimaryValue>
            <PrimaryValue>0.7682333873581848</PrimaryValue>
            <PrimaryValue>0.7431818181818182</PrimaryValue>
            <PrimaryValue>0.6625149700598802</PrimaryValue>
            <PrimaryValue>0.6397800183318056</PrimaryValue>
            <PrimaryValue>0.6611099388056552</PrimaryValue>
            <PrimaryValue>0.6531340620120455</PrimaryValue>
            <PrimaryValue>0.6796536796536796</PrimaryValue>
            <PrimaryValue>0.7481662591687042</PrimaryValue>
            <PrimaryValue>0.7297633872976339</PrimaryValue>
            <PrimaryValue>0.6591624304042605</PrimaryValue>
            <SparklineValueType>new_visitors/visits</SparklineValueType>
            <ControlForGraphMetric>true</ControlForGraphMetric>
            <Compare>false</Compare>
          </Sparkline>
        </Item>
        <Item>
          <Name>Bounce Rate</Name>
          <HelpMsg>The percentage of single-page visits (i.e. visits in which the person left your site from the entrance page).</HelpMsg>
          <Active>true</Active>
          <Line>
            <Value>51.16%</Value>
            <Label>Site Avg:</Label>
            <DisplayValue>true</DisplayValue>
          </Line>
          <Line>
            <Value>51.16%</Value>
            <Label>Site Avg:</Label>
            <PercentChange>0.00%</PercentChange>
            <DisplayValue>true</DisplayValue>
          </Line>
          <InverseCompare>true</InverseCompare>
          <Segments>false</Segments>
          <Goal>false</Goal>
          <Sparkline>
            <PrimaryValue>0.5367396593673966</PrimaryValue>
            <PrimaryValue>0.5728070175438597</PrimaryValue>
            <PrimaryValue>0.49660608714692356</PrimaryValue>
            <PrimaryValue>0.48662876395030535</PrimaryValue>
            <PrimaryValue>0.4977787180029617</PrimaryValue>
            <PrimaryValue>0.5033482142857143</PrimaryValue>
            <PrimaryValue>0.5066594183201957</PrimaryValue>
            <PrimaryValue>0.5525965379494008</PrimaryValue>
            <PrimaryValue>0.5547252747252748</PrimaryValue>
            <PrimaryValue>0.5069176684055341</PrimaryValue>
            <PrimaryValue>0.5014642937598558</PrimaryValue>
            <PrimaryValue>0.493791088385683</PrimaryValue>
            <PrimaryValue>0.5022212350066637</PrimaryValue>
            <PrimaryValue>0.5023422430421604</PrimaryValue>
            <PrimaryValue>0.5478468899521531</PrimaryValue>
            <PrimaryValue>0.5447852760736196</PrimaryValue>
            <PrimaryValue>0.5074074074074074</PrimaryValue>
            <PrimaryValue>0.5047967108268616</PrimaryValue>
            <PrimaryValue>0.49921996879875197</PrimaryValue>
            <PrimaryValue>0.5102193419740778</PrimaryValue>
            <PrimaryValue>0.5337918660287081</PrimaryValue>
            <PrimaryValue>0.5688816855753647</PrimaryValue>
            <PrimaryValue>0.5681818181818182</PrimaryValue>
            <PrimaryValue>0.5173652694610779</PrimaryValue>
            <PrimaryValue>0.49450045829514205</PrimaryValue>
            <PrimaryValue>0.48807765351339943</PrimaryValue>
            <PrimaryValue>0.5023421815748382</PrimaryValue>
            <PrimaryValue>0.4967532467532468</PrimaryValue>
            <PrimaryValue>0.5403422982885085</PrimaryValue>
            <PrimaryValue>0.5350767953507679</PrimaryValue>
            <PrimaryValue>0.49382716049382713</PrimaryValue>
            <SparklineValueType>bounces/visits</SparklineValueType>
            <ControlForGraphMetric>true</ControlForGraphMetric>
            <Compare>false</Compare>
          </Sparkline>
        </Item>
        <Name>Site Usage</Name>
        <Active>true</Active>
      </Group>
      <Format>COMPACT</Format>
      <Compare>true</Compare>
    </Scorecard>
    <TabView id="TabView">
      <ViewSelected>1</ViewSelected>
      <LastTab>
        <GroupIndex>2</GroupIndex>
        <TabName>Ecommerce</TabName>
      </LastTab>
      <MaxNumberOfTabsShown>3</MaxNumberOfTabsShown>
      <PivotViewEnabled>true</PivotViewEnabled>
      <Compare>false</Compare>
      <TabSelected>0</TabSelected>
      <SegmentLocked>true</SegmentLocked>
      <TableViewsEnabled>true</TableViewsEnabled>
      <TrendingView>false</TrendingView>
    </TabView>
    <Table id="Table">
      <Column>
        <Name>Visits</Name>
        <Active>true</Active>
        <BaseName>Visits</BaseName>
        <ScaleFactor>1</ScaleFactor>
        <RawName>visits</RawName>
        <Total>111,320</Total>
      </Column>
      <Column>
        <Name>Pages/Visit</Name>
        <Active>true</Active>
        <BaseName>Pageviews</BaseName>
        <ScaleFactor>13.0</ScaleFactor>
        <RawName>avg_pageviews</RawName>
        <Total>2.99</Total>
      </Column>
      <Column>
        <Name>Avg. Time on Site</Name>
        <Active>true</Active>
        <BaseName>Time on Site</BaseName>
        <ScaleFactor>766.0</ScaleFactor>
        <RawName>avg_session_time</RawName>
        <Total>00:02:51</Total>
      </Column>
      <Column>
        <Name>% New Visits</Name>
        <Active>true</Active>
        <BaseName>New Visits</BaseName>
        <ScaleFactor>1.0</ScaleFactor>
        <RawName>percent_new_visitors</RawName>
        <Total>68.24%</Total>
      </Column>
      <Column>
        <Name>Bounce Rate</Name>
        <Active>true</Active>
        <BaseName>Bounces</BaseName>
        <ScaleFactor>1.0</ScaleFactor>
        <RawName>bounce_rate</RawName>
        <Total>51.16%</Total>
      </Column>
      <Column>
        <Name>Visits</Name>
        <Active>false</Active>
        <ScaleFactor>1</ScaleFactor>
        <RawName>visits</RawName>
      </Column>
      <Column>
        <Name>Shopping Cart</Name>
        <Active>false</Active>
        <ScaleFactor>1</ScaleFactor>
        <RawName>goal_conversion_rate_1</RawName>
      </Column>
      <Column>
        <Name>Studio Enterprise Page</Name>
        <Active>false</Active>
        <ScaleFactor>1</ScaleFactor>
        <RawName>goal_conversion_rate_2</RawName>
      </Column>
      <Column>
        <Name>Super Products List</Name>
        <Active>false</Active>
        <ScaleFactor>1</ScaleFactor>
        <RawName>goal_conversion_rate_3</RawName>
      </Column>
      <Column>
        <Name>Download Page</Name>
        <Active>false</Active>
        <ScaleFactor>1</ScaleFactor>
        <RawName>goal_conversion_rate_4</RawName>
      </Column>
      <Column>
        <Name>Goal Conversion Rate</Name>
        <Active>false</Active>
        <ScaleFactor>1</ScaleFactor>
        <RawName>goal_conversion_rate</RawName>
      </Column>
      <Column>
        <Name>Per Visit Goal Value</Name>
        <Active>false</Active>
        <ScaleFactor>1</ScaleFactor>
        <RawName>goal_value_per_visit</RawName>
      </Column>
      <Column>
        <Name>Visits</Name>
        <Active>false</Active>
        <ScaleFactor>1</ScaleFactor>
        <RawName>visits</RawName>
      </Column>
      <Column>
        <Name>Revenue</Name>
        <Active>false</Active>
        <ScaleFactor>1</ScaleFactor>
        <RawName>revenue</RawName>
      </Column>
      <Column>
        <Name>Transactions</Name>
        <Active>false</Active>
        <ScaleFactor>1</ScaleFactor>
        <RawName>transactions</RawName>
      </Column>
      <Column>
        <Name>Average Value</Name>
        <Active>false</Active>
        <ScaleFactor>1</ScaleFactor>
        <RawName>revenue_per_transaction</RawName>
      </Column>
      <Column>
        <Name>Ecommerce Conversion Rate</Name>
        <Active>false</Active>
        <ScaleFactor>1</ScaleFactor>
        <RawName>transactions_per_visit</RawName>
      </Column>
      <Column>
        <Name>Per Visit Value</Name>
        <Active>false</Active>
        <ScaleFactor>1</ScaleFactor>
        <RawName>revenue_per_visit</RawName>
      </Column>
      <ColumnShow>0</ColumnShow>
      <ZippyEnabled>false</ZippyEnabled>
      <Row>
        <Drilldown>true</Drilldown>
        <Cell>
          <Active>true</Active>
          <InverseCompare>false</InverseCompare>
          <Content>
            <Value>59,268</Value>
          </Content>
        </Cell>
        <Cell>
          <Active>true</Active>
          <InverseCompare>false</InverseCompare>
          <Content>
            <Value>53.24%</Value>
          </Content>
        </Cell>
        <Cell>
          <Active>true</Active>
          <InverseCompare>false</InverseCompare>
          <Content>
            <Value>53.90%</Value>
          </Content>
        </Cell>
        <Cell>
          <Active>true</Active>
          <InverseCompare>false</InverseCompare>
          <Content>
            <Value>53.53%</Value>
          </Content>
        </Cell>
        <Cell>
          <Active>true</Active>
          <InverseCompare>false</InverseCompare>
          <Content>
            <Value>53.74%</Value>
          </Content>
        </Cell>
        <Cell>
          <Active>true</Active>
          <InverseCompare>false</InverseCompare>
          <Content>
            <Value>54.14%</Value>
          </Content>
        </Cell>
        <RowLabel>1</RowLabel>
        <DrilldownId>Internet Explorer</DrilldownId>
        <PrimaryKey>Internet Explorer</PrimaryKey>
        <Key>Internet Explorer</Key>
      </Row>
      <Row>
        <Drilldown>true</Drilldown>
        <Cell>
          <Active>true</Active>
          <InverseCompare>false</InverseCompare>
          <Content>
            <Value>29,601</Value>
          </Content>
        </Cell>
        <Cell>
          <Active>true</Active>
          <InverseCompare>false</InverseCompare>
          <Content>
            <Value>26.59%</Value>
          </Content>
        </Cell>
        <Cell>
          <Active>true</Active>
          <InverseCompare>false</InverseCompare>
          <Content>
            <Value>27.29%</Value>
          </Content>
        </Cell>
        <Cell>
          <Active>true</Active>
          <InverseCompare>false</InverseCompare>
          <Content>
            <Value>28.52%</Value>
          </Content>
        </Cell>
        <Cell>
          <Active>true</Active>
          <InverseCompare>false</InverseCompare>
          <Content>
            <Value>25.97%</Value>
          </Content>
        </Cell>
        <Cell>
          <Active>true</Active>
          <InverseCompare>false</InverseCompare>
          <Content>
            <Value>25.99%</Value>
          </Content>
        </Cell>
        <RowLabel>2</RowLabel>
        <DrilldownId>Firefox</DrilldownId>
        <PrimaryKey>Firefox</PrimaryKey>
        <Key>Firefox</Key>
      </Row>
      <Row>
        <Drilldown>true</Drilldown>
        <Cell>
          <Active>true</Active>
          <InverseCompare>false</InverseCompare>
          <Content>
            <Value>17,406</Value>
          </Content>
        </Cell>
        <Cell>
          <Active>true</Active>
          <InverseCompare>false</InverseCompare>
          <Content>
            <Value>15.64%</Value>
          </Content>
        </Cell>
        <Cell>
          <Active>true</Active>
          <InverseCompare>false</InverseCompare>
          <Content>
            <Value>14.93%</Value>
          </Content>
        </Cell>
        <Cell>
          <Active>true</Active>
          <InverseCompare>false</InverseCompare>
          <Content>
            <Value>14.51%</Value>
          </Content>
        </Cell>
        <Cell>
          <Active>true</Active>
          <InverseCompare>false</InverseCompare>
          <Content>
            <Value>15.95%</Value>
          </Content>
        </Cell>
        <Cell>
          <Active>true</Active>
          <InverseCompare>false</InverseCompare>
          <Content>
            <Value>14.57%</Value>
          </Content>
        </Cell>
        <RowLabel>3</RowLabel>
        <DrilldownId>Chrome</DrilldownId>
        <PrimaryKey>Chrome</PrimaryKey>
        <Key>Chrome</Key>
      </Row>
      <Row>
        <Drilldown>true</Drilldown>
        <Cell>
          <Active>true</Active>
          <InverseCompare>false</InverseCompare>
          <Content>
            <Value>2,434</Value>
          </Content>
        </Cell>
        <Cell>
          <Active>true</Active>
          <InverseCompare>false</InverseCompare>
          <Content>
            <Value>2.19%</Value>
          </Content>
        </Cell>
        <Cell>
          <Active>true</Active>
          <InverseCompare>false</InverseCompare>
          <Content>
            <Value>1.75%</Value>
          </Content>
        </Cell>
        <Cell>
          <Active>true</Active>
          <InverseCompare>false</InverseCompare>
          <Content>
            <Value>1.38%</Value>
          </Content>
        </Cell>
        <Cell>
          <Active>true</Active>
          <InverseCompare>false</InverseCompare>
          <Content>
            <Value>2.16%</Value>
          </Content>
        </Cell>
        <Cell>
          <Active>true</Active>
          <InverseCompare>false</InverseCompare>
          <Content>
            <Value>2.59%</Value>
          </Content>
        </Cell>
        <RowLabel>4</RowLabel>
        <DrilldownId>Safari</DrilldownId>
        <PrimaryKey>Safari</PrimaryKey>
        <Key>Safari</Key>
      </Row>
      <Row>
        <Drilldown>true</Drilldown>
        <Cell>
          <Active>true</Active>
          <InverseCompare>false</InverseCompare>
          <Content>
            <Value>2,065</Value>
          </Content>
        </Cell>
        <Cell>
          <Active>true</Active>
          <InverseCompare>false</InverseCompare>
          <Content>
            <Value>1.86%</Value>
          </Content>
        </Cell>
        <Cell>
          <Active>true</Active>
          <InverseCompare>false</InverseCompare>
          <Content>
            <Value>1.78%</Value>
          </Content>
        </Cell>
        <Cell>
          <Active>true</Active>
          <InverseCompare>false</InverseCompare>
          <Content>
            <Value>1.59%</Value>
          </Content>
        </Cell>
        <Cell>
          <Active>true</Active>
          <InverseCompare>false</InverseCompare>
          <Content>
            <Value>1.53%</Value>
          </Content>
        </Cell>
        <Cell>
          <Active>true</Active>
          <InverseCompare>false</InverseCompare>
          <Content>
            <Value>2.12%</Value>
          </Content>
        </Cell>
        <RowLabel>5</RowLabel>
        <DrilldownId>Opera</DrilldownId>
        <PrimaryKey>Opera</PrimaryKey>
        <Key>Opera</Key>
      </Row>
      <Row>
        <Drilldown>true</Drilldown>
        <Cell>
          <Active>true</Active>
          <InverseCompare>false</InverseCompare>
          <Content>
            <Value>154</Value>
          </Content>
        </Cell>
        <Cell>
          <Active>true</Active>
          <InverseCompare>false</InverseCompare>
          <Content>
            <Value>0.14%</Value>
          </Content>
        </Cell>
        <Cell>
          <Active>true</Active>
          <InverseCompare>false</InverseCompare>
          <Content>
            <Value>0.10%</Value>
          </Content>
        </Cell>
        <Cell>
          <Active>true</Active>
          <InverseCompare>false</InverseCompare>
          <Content>
            <Value>0.08%</Value>
          </Content>
        </Cell>
        <Cell>
          <Active>true</Active>
          <InverseCompare>false</InverseCompare>
          <Content>
            <Value>0.20%</Value>
          </Content>
        </Cell>
        <Cell>
          <Active>true</Active>
          <InverseCompare>false</InverseCompare>
          <Content>
            <Value>0.19%</Value>
          </Content>
        </Cell>
        <RowLabel>6</RowLabel>
        <DrilldownId>Mozilla Compatible Agent</DrilldownId>
        <PrimaryKey>Mozilla Compatible Agent</PrimaryKey>
        <Key>Mozilla Compatible Agent</Key>
      </Row>
      <Row>
        <Drilldown>true</Drilldown>
        <Cell>
          <Active>true</Active>
          <InverseCompare>false</InverseCompare>
          <Content>
            <Value>143</Value>
          </Content>
        </Cell>
        <Cell>
          <Active>true</Active>
          <InverseCompare>false</InverseCompare>
          <Content>
            <Value>0.13%</Value>
          </Content>
        </Cell>
        <Cell>
          <Active>true</Active>
          <InverseCompare>false</InverseCompare>
          <Content>
            <Value>0.09%</Value>
          </Content>
        </Cell>
        <Cell>
          <Active>true</Active>
          <InverseCompare>false</InverseCompare>
          <Content>
            <Value>0.28%</Value>
          </Content>
        </Cell>
        <Cell>
          <Active>true</Active>
          <InverseCompare>false</InverseCompare>
          <Content>
            <Value>0.19%</Value>
          </Content>
        </Cell>
        <Cell>
          <Active>true</Active>
          <InverseCompare>false</InverseCompare>
          <Content>
            <Value>0.13%</Value>
          </Content>
        </Cell>
        <RowLabel>7</RowLabel>
        <DrilldownId>Opera Mini</DrilldownId>
        <PrimaryKey>Opera Mini</PrimaryKey>
        <Key>Opera Mini</Key>
      </Row>
      <Row>
        <Drilldown>true</Drilldown>
        <Cell>
          <Active>true</Active>
          <InverseCompare>false</InverseCompare>
          <Content>
            <Value>51</Value>
          </Content>
        </Cell>
        <Cell>
          <Active>true</Active>
          <InverseCompare>false</InverseCompare>
          <Content>
            <Value>0.05%</Value>
          </Content>
        </Cell>
        <Cell>
          <Active>true</Active>
          <InverseCompare>false</InverseCompare>
          <Content>
            <Value>0.04%</Value>
          </Content>
        </Cell>
        <Cell>
          <Active>true</Active>
          <InverseCompare>false</InverseCompare>
          <Content>
            <Value>0.03%</Value>
          </Content>
        </Cell>
        <Cell>
          <Active>true</Active>
          <InverseCompare>false</InverseCompare>
          <Content>
            <Value>0.05%</Value>
          </Content>
        </Cell>
        <Cell>
          <Active>true</Active>
          <InverseCompare>false</InverseCompare>
          <Content>
            <Value>0.04%</Value>
          </Content>
        </Cell>
        <RowLabel>8</RowLabel>
        <DrilldownId>Mozilla</DrilldownId>
        <PrimaryKey>Mozilla</PrimaryKey>
        <Key>Mozilla</Key>
      </Row>
      <Row>
        <Drilldown>true</Drilldown>
        <Cell>
          <Active>true</Active>
          <InverseCompare>false</InverseCompare>
          <Content>
            <Value>49</Value>
          </Content>
        </Cell>
        <Cell>
          <Active>true</Active>
          <InverseCompare>false</InverseCompare>
          <Content>
            <Value>0.04%</Value>
          </Content>
        </Cell>
        <Cell>
          <Active>true</Active>
          <InverseCompare>false</InverseCompare>
          <Content>
            <Value>0.01%</Value>
          </Content>
        </Cell>
        <Cell>
          <Active>true</Active>
          <InverseCompare>false</InverseCompare>
          <Content>
            <Value>0.00%</Value>
          </Content>
        </Cell>
        <Cell>
          <Active>true</Active>
          <InverseCompare>false</InverseCompare>
          <Content>
            <Value>0.06%</Value>
          </Content>
        </Cell>
        <Cell>
          <Active>true</Active>
          <InverseCompare>false</InverseCompare>
          <Content>
            <Value>0.09%</Value>
          </Content>
        </Cell>
        <RowLabel>9</RowLabel>
        <DrilldownId>msnbot</DrilldownId>
        <PrimaryKey>msnbot</PrimaryKey>
        <Key>msnbot</Key>
      </Row>
      <Row>
        <Drilldown>true</Drilldown>
        <Cell>
          <Active>true</Active>
          <InverseCompare>false</InverseCompare>
          <Content>
            <Value>45</Value>
          </Content>
        </Cell>
        <Cell>
          <Active>true</Active>
          <InverseCompare>false</InverseCompare>
          <Content>
            <Value>0.04%</Value>
          </Content>
        </Cell>
        <Cell>
          <Active>true</Active>
          <InverseCompare>false</InverseCompare>
          <Content>
            <Value>0.05%</Value>
          </Content>
        </Cell>
        <Cell>
          <Active>true</Active>
          <InverseCompare>false</InverseCompare>
          <Content>
            <Value>0.04%</Value>
          </Content>
        </Cell>
        <Cell>
          <Active>true</Active>
          <InverseCompare>false</InverseCompare>
          <Content>
            <Value>0.04%</Value>
          </Content>
        </Cell>
        <Cell>
          <Active>true</Active>
          <InverseCompare>false</InverseCompare>
          <Content>
            <Value>0.03%</Value>
          </Content>
        </Cell>
        <RowLabel>10</RowLabel>
        <DrilldownId>IE with Chrome Frame</DrilldownId>
        <PrimaryKey>IE with Chrome Frame</PrimaryKey>
        <Key>IE with Chrome Frame</Key>
      </Row>
      <IncludeLinker>false</IncludeLinker>
      <DataSetLabel>September 11, 2010 - October 11, 2010</DataSetLabel>
      <Compare>false</Compare>
      <Sampled>false</Sampled>
      <RowDataRange>1 - 10 of 35</RowDataRange>
      <RowEnd>10</RowEnd>
      <FilterString></FilterString>
      <ColumnStart>0</ColumnStart>
      <AdvancedFilterShown>false</AdvancedFilterShown>
      <ActiveColumn>
        <Name>Visits</Name>
        <Active>true</Active>
        <BaseName>Visits</BaseName>
        <ScaleFactor>1</ScaleFactor>
        <RawName>visits</RawName>
        <Total>111,320</Total>
      </ActiveColumn>
      <ActiveColumn>
        <Name>Pages/Visit</Name>
        <Active>true</Active>
        <BaseName>Pageviews</BaseName>
        <ScaleFactor>13.0</ScaleFactor>
        <RawName>avg_pageviews</RawName>
        <Total>2.99</Total>
      </ActiveColumn>
      <ActiveColumn>
        <Name>Avg. Time on Site</Name>
        <Active>true</Active>
        <BaseName>Time on Site</BaseName>
        <ScaleFactor>766.0</ScaleFactor>
        <RawName>avg_session_time</RawName>
        <Total>00:02:51</Total>
      </ActiveColumn>
      <ActiveColumn>
        <Name>% New Visits</Name>
        <Active>true</Active>
        <BaseName>New Visits</BaseName>
        <ScaleFactor>1.0</ScaleFactor>
        <RawName>percent_new_visitors</RawName>
        <Total>68.24%</Total>
      </ActiveColumn>
      <ActiveColumn>
        <Name>Bounce Rate</Name>
        <Active>true</Active>
        <BaseName>Bounces</BaseName>
        <ScaleFactor>1.0</ScaleFactor>
        <RawName>bounce_rate</RawName>
        <Total>51.16%</Total>
      </ActiveColumn>
      <SeeAllLabel>see all</SeeAllLabel>
      <DeltaMessage>% Change</DeltaMessage>
      <ValueColumnName>Browser contribution to total:</ValueColumnName>
      <SimultaneousDrilldown>false</SimultaneousDrilldown>
      <KeyColumn>
        <DrilldownId>browser</DrilldownId>
        <KeyName>browser</KeyName>
      </KeyColumn>
      <KeyColumn>
        <DrilldownId>none</DrilldownId>
        <KeyName>none</KeyName>
      </KeyColumn>
      <RowShow>10</RowShow>
      <RowCount>35</RowCount>
      <TableFilteringEnabled>true</TableFilteringEnabled>
      <KeyFilterEnabled>true</KeyFilterEnabled>
      <RowStart>0</RowStart>
      <HasCustomTooltips>false</HasCustomTooltips>
      <ColumnCount>0</ColumnCount>
      <NoDataLabel>There is no data for this view.</NoDataLabel>
      <FilterType>0</FilterType>
      <ColumnEnd>0</ColumnEnd>
      <AdvancedFilterApplied>false</AdvancedFilterApplied>
    </Table>
    <TableFilter id="TableFilter">
      <Group>
        <Column>
          <Name>Visits</Name>
          <RawName>visits</RawName>
        </Column>
        <Column>
          <Name>Pages/Visit</Name>
          <RawName>avg_pageviews</RawName>
        </Column>
        <Column>
          <Name>Avg. Time on Site</Name>
          <RawName>avg_session_time</RawName>
        </Column>
        <Column>
          <Name>% New Visits</Name>
          <RawName>percent_new_visitors</RawName>
        </Column>
        <Column>
          <Name>Bounce Rate</Name>
          <RawName>bounce_rate</RawName>
        </Column>
        <GroupName>Site Usage</GroupName>
      </Group>
      <Group>
        <Column>
          <Name>Shopping Cart</Name>
          <RawName>goal_conversion_rate_1</RawName>
        </Column>
        <Column>
          <Name>Studio Enterprise Page</Name>
          <RawName>goal_conversion_rate_2</RawName>
        </Column>
        <Column>
          <Name>Super Products List</Name>
          <RawName>goal_conversion_rate_3</RawName>
        </Column>
        <Column>
          <Name>Download Page</Name>
          <RawName>goal_conversion_rate_4</RawName>
        </Column>
        <Column>
          <Name>Goal Conversion Rate</Name>
          <RawName>goal_conversion_rate</RawName>
        </Column>
        <Column>
          <Name>Per Visit Goal Value</Name>
          <RawName>goal_value_per_visit</RawName>
        </Column>
        <GroupName>Goal Set 1</GroupName>
      </Group>
      <Group>
        <Column>
          <Name>Revenue</Name>
          <RawName>revenue</RawName>
        </Column>
        <Column>
          <Name>Transactions</Name>
          <RawName>transactions</RawName>
        </Column>
        <Column>
          <Name>Average Value</Name>
          <RawName>revenue_per_transaction</RawName>
        </Column>
        <Column>
          <Name>Ecommerce Conversion Rate</Name>
          <RawName>transactions_per_visit</RawName>
        </Column>
        <Column>
          <Name>Per Visit Value</Name>
          <RawName>revenue_per_visit</RawName>
        </Column>
        <GroupName>Ecommerce</GroupName>
      </Group>
      <AdvSegmentApplied>false</AdvSegmentApplied>
      <TableView>1</TableView>
      <Compare>false</Compare>
      <KeyColumnHeaders>
        <entry>
          <key>
            <KeyColumnHeader>browser</KeyColumnHeader>
          </key>
          <value>
            <KeyColumnHeader>Browser</KeyColumnHeader>
          </value>
        </entry>
      </KeyColumnHeaders>
    </TableFilter>
  </Report>
</AnalyticsReport>
