<?xml version="1.0" ?>
<AnalyticsReport>
  <Report name="Map Overlay">
    <Title id="Title">
      <CompareStateHelp>Compare report data to overall site performance and include report data when calculating site performance (% of Site Total or Site Avg.).</CompareStateHelp>
      <Detail></Detail>
      <ShowDateControl>true</ShowDateControl>
      <PrimaryDateRange>September 11, 2010 - October 11, 2010</PrimaryDateRange>
      <Compare>false</Compare>
      <Sampled>false</Sampled>
      <CompareStateMsg>Site</CompareStateMsg>
      <Name>Map Overlay</Name>
      <CompareMsg>Comparing to:</CompareMsg>
      <ProfileName>www.componentone.com</ProfileName>
      <FilterApplied>false</FilterApplied>
      <ShowCompare>true</ShowCompare>
      <DetailSeparator> | </DetailSeparator>
    </Title>
    <Narrative id="Narrative">
      <Line>
        <LineType>NORMAL</LineType>
        <Content>111,320 visits came from 187 countries/territories</Content>
      </Line>
      <Type>NORMAL</Type>
      <Compare>false</Compare>
    </Narrative>
    <GeoMap id="GeoMap">
      <ControlLabelSet>
        <ValueIndex>0</ValueIndex>
        <Message>Visits</Message>
      </ControlLabelSet>
      <ControlLabelSet>
        <ValueIndex>1</ValueIndex>
        <Message>Pages/Visit</Message>
      </ControlLabelSet>
      <ControlLabelSet>
        <ValueIndex>2</ValueIndex>
        <Message>Avg. Time on Site</Message>
      </ControlLabelSet>
      <ControlLabelSet>
        <ValueIndex>3</ValueIndex>
        <Message>% New Visits</Message>
      </ControlLabelSet>
      <ControlLabelSet>
        <ValueIndex>4</ValueIndex>
        <Message>Bounce Rate</Message>
      </ControlLabelSet>
      <ControlLabelSet>
        <ValueIndex>0</ValueIndex>
        <Message>Visits</Message>
      </ControlLabelSet>
      <ControlLabelSet>
        <ValueIndex>5</ValueIndex>
        <Message>Goal1 Conversion Rate</Message>
      </ControlLabelSet>
      <ControlLabelSet>
        <ValueIndex>6</ValueIndex>
        <Message>Goal2 Conversion Rate</Message>
      </ControlLabelSet>
      <ControlLabelSet>
        <ValueIndex>7</ValueIndex>
        <Message>Goal3 Conversion Rate</Message>
      </ControlLabelSet>
      <ControlLabelSet>
        <ValueIndex>8</ValueIndex>
        <Message>Goal4 Conversion Rate</Message>
      </ControlLabelSet>
      <ControlLabelSet>
        <ValueIndex>9</ValueIndex>
        <Message>Goal Conversion Rate</Message>
      </ControlLabelSet>
      <ControlLabelSet>
        <ValueIndex>10</ValueIndex>
        <Message>Per Visit Goal Value</Message>
      </ControlLabelSet>
      <ControlLabelSet>
        <ValueIndex>0</ValueIndex>
        <Message>Visits</Message>
      </ControlLabelSet>
      <ControlLabelSet>
        <ValueIndex>11</ValueIndex>
        <Message>Revenue</Message>
      </ControlLabelSet>
      <ControlLabelSet>
        <ValueIndex>12</ValueIndex>
        <Message>Transactions</Message>
      </ControlLabelSet>
      <ControlLabelSet>
        <ValueIndex>13</ValueIndex>
        <Message>Average Value</Message>
      </ControlLabelSet>
      <ControlLabelSet>
        <ValueIndex>14</ValueIndex>
        <Message>Ecommerce Conversion Rate</Message>
      </ControlLabelSet>
      <ControlLabelSet>
        <ValueIndex>15</ValueIndex>
        <Message>Per Visit Value</Message>
      </ControlLabelSet>
      <Format>NORMAL</Format>
      <ValueLabel>Visits</ValueLabel>
      <DataLabel>Visits</DataLabel>
      <PrimarySegmentKey>COUNTRY</PrimarySegmentKey>
      <Region>
        <Lng>0.0</Lng>
        <Value>26,670</Value>
        <Name>United States</Name>
        <Lat>0.0</Lat>
        <Id>US</Id>
        <ColorKey>26670</ColorKey>
      </Region>
      <Region>
        <Lng>0.0</Lng>
        <Value>12,413</Value>
        <Name>India</Name>
        <Lat>0.0</Lat>
        <Id>IN</Id>
        <ColorKey>12413</ColorKey>
      </Region>
      <Region>
        <Lng>0.0</Lng>
        <Value>5,776</Value>
        <Name>China</Name>
        <Lat>0.0</Lat>
        <Id>CN</Id>
        <ColorKey>5776</ColorKey>
      </Region>
      <Region>
        <Lng>0.0</Lng>
        <Value>5,164</Value>
        <Name>United Kingdom</Name>
        <Lat>0.0</Lat>
        <Id>GB</Id>
        <ColorKey>5164</ColorKey>
      </Region>
      <Region>
        <Lng>0.0</Lng>
        <Value>4,676</Value>
        <Name>Germany</Name>
        <Lat>0.0</Lat>
        <Id>DE</Id>
        <ColorKey>4676</ColorKey>
      </Region>
      <Region>
        <Lng>0.0</Lng>
        <Value>3,964</Value>
        <Name>Brazil</Name>
        <Lat>0.0</Lat>
        <Id>BR</Id>
        <ColorKey>3964</ColorKey>
      </Region>
      <Region>
        <Lng>0.0</Lng>
        <Value>3,193</Value>
        <Name>Italy</Name>
        <Lat>0.0</Lat>
        <Id>IT</Id>
        <ColorKey>3193</ColorKey>
      </Region>
      <Region>
        <Lng>0.0</Lng>
        <Value>2,955</Value>
        <Name>Canada</Name>
        <Lat>0.0</Lat>
        <Id>CA</Id>
        <ColorKey>2955</ColorKey>
      </Region>
      <Region>
        <Lng>0.0</Lng>
        <Value>2,321</Value>
        <Name>France</Name>
        <Lat>0.0</Lat>
        <Id>FR</Id>
        <ColorKey>2321</ColorKey>
      </Region>
      <Region>
        <Lng>0.0</Lng>
        <Value>1,989</Value>
        <Name>Australia</Name>
        <Lat>0.0</Lat>
        <Id>AU</Id>
        <ColorKey>1989</ColorKey>
      </Region>
      <Region>
        <Lng>0.0</Lng>
        <Value>1,944</Value>
        <Name>Russia</Name>
        <Lat>0.0</Lat>
        <Id>RU</Id>
        <ColorKey>1944</ColorKey>
      </Region>
      <Region>
        <Lng>0.0</Lng>
        <Value>1,869</Value>
        <Name>South Korea</Name>
        <Lat>0.0</Lat>
        <Id>KR</Id>
        <ColorKey>1869</ColorKey>
      </Region>
      <Region>
        <Lng>0.0</Lng>
        <Value>1,778</Value>
        <Name>Mexico</Name>
        <Lat>0.0</Lat>
        <Id>MX</Id>
        <ColorKey>1778</ColorKey>
      </Region>
      <Region>
        <Lng>0.0</Lng>
        <Value>1,704</Value>
        <Name>Spain</Name>
        <Lat>0.0</Lat>
        <Id>ES</Id>
        <ColorKey>1704</ColorKey>
      </Region>
      <Region>
        <Lng>0.0</Lng>
        <Value>1,526</Value>
        <Name>Vietnam</Name>
        <Lat>0.0</Lat>
        <Id>VN</Id>
        <ColorKey>1526</ColorKey>
      </Region>
      <Region>
        <Lng>0.0</Lng>
        <Value>1,482</Value>
        <Name>Netherlands</Name>
        <Lat>0.0</Lat>
        <Id>NL</Id>
        <ColorKey>1482</ColorKey>
      </Region>
      <Region>
        <Lng>0.0</Lng>
        <Value>1,473</Value>
        <Name>Japan</Name>
        <Lat>0.0</Lat>
        <Id>JP</Id>
        <ColorKey>1473</ColorKey>
      </Region>
      <Region>
        <Lng>0.0</Lng>
        <Value>1,364</Value>
        <Name>Poland</Name>
        <Lat>0.0</Lat>
        <Id>PL</Id>
        <ColorKey>1364</ColorKey>
      </Region>
      <Region>
        <Lng>0.0</Lng>
        <Value>1,332</Value>
        <Name>Turkey</Name>
        <Lat>0.0</Lat>
        <Id>TR</Id>
        <ColorKey>1332</ColorKey>
      </Region>
      <Region>
        <Lng>0.0</Lng>
        <Value>1,199</Value>
        <Name>Taiwan</Name>
        <Lat>0.0</Lat>
        <Id>TW</Id>
        <ColorKey>1199</ColorKey>
      </Region>
      <Region>
        <Lng>0.0</Lng>
        <Value>997</Value>
        <Name>Sweden</Name>
        <Lat>0.0</Lat>
        <Id>SE</Id>
        <ColorKey>997</ColorKey>
      </Region>
      <Region>
        <Lng>0.0</Lng>
        <Value>954</Value>
        <Name>Belgium</Name>
        <Lat>0.0</Lat>
        <Id>BE</Id>
        <ColorKey>954</ColorKey>
      </Region>
      <Region>
        <Lng>0.0</Lng>
        <Value>924</Value>
        <Name>Saudi Arabia</Name>
        <Lat>0.0</Lat>
        <Id>SA</Id>
        <ColorKey>924</ColorKey>
      </Region>
      <Region>
        <Lng>0.0</Lng>
        <Value>879</Value>
        <Name>Switzerland</Name>
        <Lat>0.0</Lat>
        <Id>CH</Id>
        <ColorKey>879</ColorKey>
      </Region>
      <Region>
        <Lng>0.0</Lng>
        <Value>867</Value>
        <Name>Israel</Name>
        <Lat>0.0</Lat>
        <Id>IL</Id>
        <ColorKey>867</ColorKey>
      </Region>
      <Region>
        <Lng>0.0</Lng>
        <Value>836</Value>
        <Name>South Africa</Name>
        <Lat>0.0</Lat>
        <Id>ZA</Id>
        <ColorKey>836</ColorKey>
      </Region>
      <Region>
        <Lng>0.0</Lng>
        <Value>806</Value>
        <Name>Austria</Name>
        <Lat>0.0</Lat>
        <Id>AT</Id>
        <ColorKey>806</ColorKey>
      </Region>
      <Region>
        <Lng>0.0</Lng>
        <Value>780</Value>
        <Name>Iran</Name>
        <Lat>0.0</Lat>
        <Id>IR</Id>
        <ColorKey>780</ColorKey>
      </Region>
      <Region>
        <Lng>0.0</Lng>
        <Value>770</Value>
        <Name>Indonesia</Name>
        <Lat>0.0</Lat>
        <Id>ID</Id>
        <ColorKey>770</ColorKey>
      </Region>
      <Region>
        <Lng>0.0</Lng>
        <Value>767</Value>
        <Name>Thailand</Name>
        <Lat>0.0</Lat>
        <Id>TH</Id>
        <ColorKey>767</ColorKey>
      </Region>
      <Region>
        <Lng>0.0</Lng>
        <Value>716</Value>
        <Name>Portugal</Name>
        <Lat>0.0</Lat>
        <Id>PT</Id>
        <ColorKey>716</ColorKey>
      </Region>
      <Region>
        <Lng>0.0</Lng>
        <Value>697</Value>
        <Name>Pakistan</Name>
        <Lat>0.0</Lat>
        <Id>PK</Id>
        <ColorKey>697</ColorKey>
      </Region>
      <Region>
        <Lng>0.0</Lng>
        <Value>685</Value>
        <Name>Hong Kong</Name>
        <Lat>0.0</Lat>
        <Id>HK</Id>
        <ColorKey>685</ColorKey>
      </Region>
      <Region>
        <Lng>0.0</Lng>
        <Value>674</Value>
        <Name>Greece</Name>
        <Lat>0.0</Lat>
        <Id>GR</Id>
        <ColorKey>674</ColorKey>
      </Region>
      <Region>
        <Lng>0.0</Lng>
        <Value>672</Value>
        <Name>Egypt</Name>
        <Lat>0.0</Lat>
        <Id>EG</Id>
        <ColorKey>672</ColorKey>
      </Region>
      <Region>
        <Lng>0.0</Lng>
        <Value>651</Value>
        <Name>Denmark</Name>
        <Lat>0.0</Lat>
        <Id>DK</Id>
        <ColorKey>651</ColorKey>
      </Region>
      <Region>
        <Lng>0.0</Lng>
        <Value>645</Value>
        <Name>Ukraine</Name>
        <Lat>0.0</Lat>
        <Id>UA</Id>
        <ColorKey>645</ColorKey>
      </Region>
      <Region>
        <Lng>0.0</Lng>
        <Value>608</Value>
        <Name>Norway</Name>
        <Lat>0.0</Lat>
        <Id>NO</Id>
        <ColorKey>608</ColorKey>
      </Region>
      <Region>
        <Lng>0.0</Lng>
        <Value>587</Value>
        <Name>Argentina</Name>
        <Lat>0.0</Lat>
        <Id>AR</Id>
        <ColorKey>587</ColorKey>
      </Region>
      <Region>
        <Lng>0.0</Lng>
        <Value>573</Value>
        <Name>Peru</Name>
        <Lat>0.0</Lat>
        <Id>PE</Id>
        <ColorKey>573</ColorKey>
      </Region>
      <Region>
        <Lng>0.0</Lng>
        <Value>540</Value>
        <Name>Philippines</Name>
        <Lat>0.0</Lat>
        <Id>PH</Id>
        <ColorKey>540</ColorKey>
      </Region>
      <Region>
        <Lng>0.0</Lng>
        <Value>523</Value>
        <Name>Czech Republic</Name>
        <Lat>0.0</Lat>
        <Id>CZ</Id>
        <ColorKey>523</ColorKey>
      </Region>
      <Region>
        <Lng>0.0</Lng>
        <Value>492</Value>
        <Name>Romania</Name>
        <Lat>0.0</Lat>
        <Id>RO</Id>
        <ColorKey>492</ColorKey>
      </Region>
      <Region>
        <Lng>0.0</Lng>
        <Value>490</Value>
        <Name>Singapore</Name>
        <Lat>0.0</Lat>
        <Id>SG</Id>
        <ColorKey>490</ColorKey>
      </Region>
      <Region>
        <Lng>0.0</Lng>
        <Value>479</Value>
        <Name>Malaysia</Name>
        <Lat>0.0</Lat>
        <Id>MY</Id>
        <ColorKey>479</ColorKey>
      </Region>
      <Region>
        <Lng>0.0</Lng>
        <Value>471</Value>
        <Name>Colombia</Name>
        <Lat>0.0</Lat>
        <Id>CO</Id>
        <ColorKey>471</ColorKey>
      </Region>
      <Region>
        <Lng>0.0</Lng>
        <Value>373</Value>
        <Name>Bulgaria</Name>
        <Lat>0.0</Lat>
        <Id>BG</Id>
        <ColorKey>373</ColorKey>
      </Region>
      <Region>
        <Lng>0.0</Lng>
        <Value>370</Value>
        <Name>United Arab Emirates</Name>
        <Lat>0.0</Lat>
        <Id>AE</Id>
        <ColorKey>370</ColorKey>
      </Region>
      <Region>
        <Lng>0.0</Lng>
        <Value>347</Value>
        <Name>Chile</Name>
        <Lat>0.0</Lat>
        <Id>CL</Id>
        <ColorKey>347</ColorKey>
      </Region>
      <Region>
        <Lng>0.0</Lng>
        <Value>328</Value>
        <Name>New Zealand</Name>
        <Lat>0.0</Lat>
        <Id>NZ</Id>
        <ColorKey>328</ColorKey>
      </Region>
      <Region>
        <Lng>0.0</Lng>
        <Value>306</Value>
        <Name>Hungary</Name>
        <Lat>0.0</Lat>
        <Id>HU</Id>
        <ColorKey>306</ColorKey>
      </Region>
      <Region>
        <Lng>0.0</Lng>
        <Value>299</Value>
        <Name>Finland</Name>
        <Lat>0.0</Lat>
        <Id>FI</Id>
        <ColorKey>299</ColorKey>
      </Region>
      <Region>
        <Lng>0.0</Lng>
        <Value>284</Value>
        <Name>Croatia</Name>
        <Lat>0.0</Lat>
        <Id>HR</Id>
        <ColorKey>284</ColorKey>
      </Region>
      <Region>
        <Lng>0.0</Lng>
        <Value>247</Value>
        <Name>Serbia</Name>
        <Lat>0.0</Lat>
        <Id>RS</Id>
        <ColorKey>247</ColorKey>
      </Region>
      <Region>
        <Lng>0.0</Lng>
        <Value>209</Value>
        <Name>Ireland</Name>
        <Lat>0.0</Lat>
        <Id>IE</Id>
        <ColorKey>209</ColorKey>
      </Region>
      <Region>
        <Lng>0.0</Lng>
        <Value>199</Value>
        <Name>Belarus</Name>
        <Lat>0.0</Lat>
        <Id>BY</Id>
        <ColorKey>199</ColorKey>
      </Region>
      <Region>
        <Lng>0.0</Lng>
        <Value>197</Value>
        <Name>(not set)</Name>
        <Lat>0.0</Lat>
        <Id>ZZ</Id>
        <ColorKey>197</ColorKey>
      </Region>
      <Region>
        <Lng>0.0</Lng>
        <Value>195</Value>
        <Name>Sri Lanka</Name>
        <Lat>0.0</Lat>
        <Id>LK</Id>
        <ColorKey>195</ColorKey>
      </Region>
      <Region>
        <Lng>0.0</Lng>
        <Value>190</Value>
        <Name>Slovakia</Name>
        <Lat>0.0</Lat>
        <Id>SK</Id>
        <ColorKey>190</ColorKey>
      </Region>
      <Region>
        <Lng>0.0</Lng>
        <Value>185</Value>
        <Name>Ecuador</Name>
        <Lat>0.0</Lat>
        <Id>EC</Id>
        <ColorKey>185</ColorKey>
      </Region>
      <Region>
        <Lng>0.0</Lng>
        <Value>181</Value>
        <Name>Costa Rica</Name>
        <Lat>0.0</Lat>
        <Id>CR</Id>
        <ColorKey>181</ColorKey>
      </Region>
      <Region>
        <Lng>0.0</Lng>
        <Value>179</Value>
        <Name>Venezuela</Name>
        <Lat>0.0</Lat>
        <Id>VE</Id>
        <ColorKey>179</ColorKey>
      </Region>
      <Region>
        <Lng>0.0</Lng>
        <Value>175</Value>
        <Name>Uruguay</Name>
        <Lat>0.0</Lat>
        <Id>UY</Id>
        <ColorKey>175</ColorKey>
      </Region>
      <Region>
        <Lng>0.0</Lng>
        <Value>160</Value>
        <Name>Tunisia</Name>
        <Lat>0.0</Lat>
        <Id>TN</Id>
        <ColorKey>160</ColorKey>
      </Region>
      <Region>
        <Lng>0.0</Lng>
        <Value>157</Value>
        <Name>Slovenia</Name>
        <Lat>0.0</Lat>
        <Id>SI</Id>
        <ColorKey>157</ColorKey>
      </Region>
      <Region>
        <Lng>0.0</Lng>
        <Value>155</Value>
        <Name>Bolivia</Name>
        <Lat>0.0</Lat>
        <Id>BO</Id>
        <ColorKey>155</ColorKey>
      </Region>
      <Region>
        <Lng>0.0</Lng>
        <Value>135</Value>
        <Name>Algeria</Name>
        <Lat>0.0</Lat>
        <Id>DZ</Id>
        <ColorKey>135</ColorKey>
      </Region>
      <Region>
        <Lng>0.0</Lng>
        <Value>134</Value>
        <Name>Kazakhstan</Name>
        <Lat>0.0</Lat>
        <Id>KZ</Id>
        <ColorKey>134</ColorKey>
      </Region>
      <Region>
        <Lng>0.0</Lng>
        <Value>128</Value>
        <Name>Lithuania</Name>
        <Lat>0.0</Lat>
        <Id>LT</Id>
        <ColorKey>128</ColorKey>
      </Region>
      <Region>
        <Lng>0.0</Lng>
        <Value>127</Value>
        <Name>Myanmar [Burma]</Name>
        <Lat>0.0</Lat>
        <Id>MM</Id>
        <ColorKey>127</ColorKey>
      </Region>
      <Region>
        <Lng>0.0</Lng>
        <Value>124</Value>
        <Name>Nigeria</Name>
        <Lat>0.0</Lat>
        <Id>NG</Id>
        <ColorKey>124</ColorKey>
      </Region>
      <Region>
        <Lng>0.0</Lng>
        <Value>123</Value>
        <Name>Bangladesh</Name>
        <Lat>0.0</Lat>
        <Id>BD</Id>
        <ColorKey>123</ColorKey>
      </Region>
      <Region>
        <Lng>0.0</Lng>
        <Value>122</Value>
        <Name>Jordan</Name>
        <Lat>0.0</Lat>
        <Id>JO</Id>
        <ColorKey>122</ColorKey>
      </Region>
      <Region>
        <Lng>0.0</Lng>
        <Value>120</Value>
        <Name>Kenya</Name>
        <Lat>0.0</Lat>
        <Id>KE</Id>
        <ColorKey>120</ColorKey>
      </Region>
      <Region>
        <Lng>0.0</Lng>
        <Value>106</Value>
        <Name>Lebanon</Name>
        <Lat>0.0</Lat>
        <Id>LB</Id>
        <ColorKey>106</ColorKey>
      </Region>
      <Region>
        <Lng>0.0</Lng>
        <Value>99</Value>
        <Name>Kuwait</Name>
        <Lat>0.0</Lat>
        <Id>KW</Id>
        <ColorKey>99</ColorKey>
      </Region>
      <Region>
        <Lng>0.0</Lng>
        <Value>98</Value>
        <Name>Macedonia [FYROM]</Name>
        <Lat>0.0</Lat>
        <Id>MK</Id>
        <ColorKey>98</ColorKey>
      </Region>
      <Region>
        <Lng>0.0</Lng>
        <Value>95</Value>
        <Name>Morocco</Name>
        <Lat>0.0</Lat>
        <Id>MA</Id>
        <ColorKey>95</ColorKey>
      </Region>
      <Region>
        <Lng>0.0</Lng>
        <Value>95</Value>
        <Name>Puerto Rico</Name>
        <Lat>0.0</Lat>
        <Id>PR</Id>
        <ColorKey>95</ColorKey>
      </Region>
      <Region>
        <Lng>0.0</Lng>
        <Value>93</Value>
        <Name>Georgia</Name>
        <Lat>0.0</Lat>
        <Id>GE</Id>
        <ColorKey>93</ColorKey>
      </Region>
      <Region>
        <Lng>0.0</Lng>
        <Value>83</Value>
        <Name>Bosnia and Herzegovina</Name>
        <Lat>0.0</Lat>
        <Id>BA</Id>
        <ColorKey>83</ColorKey>
      </Region>
      <Region>
        <Lng>0.0</Lng>
        <Value>82</Value>
        <Name>Dominican Republic</Name>
        <Lat>0.0</Lat>
        <Id>DO</Id>
        <ColorKey>82</ColorKey>
      </Region>
      <Region>
        <Lng>0.0</Lng>
        <Value>79</Value>
        <Name>Panama</Name>
        <Lat>0.0</Lat>
        <Id>PA</Id>
        <ColorKey>79</ColorKey>
      </Region>
      <Region>
        <Lng>0.0</Lng>
        <Value>78</Value>
        <Name>Syria</Name>
        <Lat>0.0</Lat>
        <Id>SY</Id>
        <ColorKey>78</ColorKey>
      </Region>
      <Region>
        <Lng>0.0</Lng>
        <Value>78</Value>
        <Name>Iceland</Name>
        <Lat>0.0</Lat>
        <Id>IS</Id>
        <ColorKey>78</ColorKey>
      </Region>
      <Region>
        <Lng>0.0</Lng>
        <Value>72</Value>
        <Name>Guatemala</Name>
        <Lat>0.0</Lat>
        <Id>GT</Id>
        <ColorKey>72</ColorKey>
      </Region>
      <Region>
        <Lng>0.0</Lng>
        <Value>72</Value>
        <Name>Estonia</Name>
        <Lat>0.0</Lat>
        <Id>EE</Id>
        <ColorKey>72</ColorKey>
      </Region>
      <Region>
        <Lng>0.0</Lng>
        <Value>71</Value>
        <Name>Nicaragua</Name>
        <Lat>0.0</Lat>
        <Id>NI</Id>
        <ColorKey>71</ColorKey>
      </Region>
      <Region>
        <Lng>0.0</Lng>
        <Value>70</Value>
        <Name>Mongolia</Name>
        <Lat>0.0</Lat>
        <Id>MN</Id>
        <ColorKey>70</ColorKey>
      </Region>
      <Region>
        <Lng>0.0</Lng>
        <Value>67</Value>
        <Name>El Salvador</Name>
        <Lat>0.0</Lat>
        <Id>SV</Id>
        <ColorKey>67</ColorKey>
      </Region>
      <Region>
        <Lng>0.0</Lng>
        <Value>65</Value>
        <Name>Honduras</Name>
        <Lat>0.0</Lat>
        <Id>HN</Id>
        <ColorKey>65</ColorKey>
      </Region>
      <Region>
        <Lng>0.0</Lng>
        <Value>60</Value>
        <Name>Cambodia</Name>
        <Lat>0.0</Lat>
        <Id>KH</Id>
        <ColorKey>60</ColorKey>
      </Region>
      <Region>
        <Lng>0.0</Lng>
        <Value>59</Value>
        <Name>Ghana</Name>
        <Lat>0.0</Lat>
        <Id>GH</Id>
        <ColorKey>59</ColorKey>
      </Region>
      <Region>
        <Lng>0.0</Lng>
        <Value>59</Value>
        <Name>Cyprus</Name>
        <Lat>0.0</Lat>
        <Id>CY</Id>
        <ColorKey>59</ColorKey>
      </Region>
      <Region>
        <Lng>0.0</Lng>
        <Value>57</Value>
        <Name>Luxembourg</Name>
        <Lat>0.0</Lat>
        <Id>LU</Id>
        <ColorKey>57</ColorKey>
      </Region>
      <Region>
        <Lng>0.0</Lng>
        <Value>54</Value>
        <Name>Latvia</Name>
        <Lat>0.0</Lat>
        <Id>LV</Id>
        <ColorKey>54</ColorKey>
      </Region>
      <Region>
        <Lng>0.0</Lng>
        <Value>45</Value>
        <Name>Palestinian Territories</Name>
        <Lat>0.0</Lat>
        <Id>PS</Id>
        <ColorKey>45</ColorKey>
      </Region>
      <Region>
        <Lng>0.0</Lng>
        <Value>43</Value>
        <Name>Yemen</Name>
        <Lat>0.0</Lat>
        <Id>YE</Id>
        <ColorKey>43</ColorKey>
      </Region>
      <Region>
        <Lng>0.0</Lng>
        <Value>39</Value>
        <Name>Armenia</Name>
        <Lat>0.0</Lat>
        <Id>AM</Id>
        <ColorKey>39</ColorKey>
      </Region>
      <Region>
        <Lng>0.0</Lng>
        <Value>39</Value>
        <Name>Moldova</Name>
        <Lat>0.0</Lat>
        <Id>MD</Id>
        <ColorKey>39</ColorKey>
      </Region>
      <Region>
        <Lng>0.0</Lng>
        <Value>39</Value>
        <Name>Nepal</Name>
        <Lat>0.0</Lat>
        <Id>NP</Id>
        <ColorKey>39</ColorKey>
      </Region>
      <Region>
        <Lng>0.0</Lng>
        <Value>37</Value>
        <Name>Malta</Name>
        <Lat>0.0</Lat>
        <Id>MT</Id>
        <ColorKey>37</ColorKey>
      </Region>
      <Region>
        <Lng>0.0</Lng>
        <Value>36</Value>
        <Name>Qatar</Name>
        <Lat>0.0</Lat>
        <Id>QA</Id>
        <ColorKey>36</ColorKey>
      </Region>
      <Region>
        <Lng>0.0</Lng>
        <Value>34</Value>
        <Name>Sudan</Name>
        <Lat>0.0</Lat>
        <Id>SD</Id>
        <ColorKey>34</ColorKey>
      </Region>
      <Region>
        <Lng>0.0</Lng>
        <Value>34</Value>
        <Name>Oman</Name>
        <Lat>0.0</Lat>
        <Id>OM</Id>
        <ColorKey>34</ColorKey>
      </Region>
      <Region>
        <Lng>0.0</Lng>
        <Value>32</Value>
        <Name>Bahrain</Name>
        <Lat>0.0</Lat>
        <Id>BH</Id>
        <ColorKey>32</ColorKey>
      </Region>
      <Region>
        <Lng>0.0</Lng>
        <Value>32</Value>
        <Name>Albania</Name>
        <Lat>0.0</Lat>
        <Id>AL</Id>
        <ColorKey>32</ColorKey>
      </Region>
      <Region>
        <Lng>0.0</Lng>
        <Value>30</Value>
        <Name>Mauritius</Name>
        <Lat>0.0</Lat>
        <Id>MU</Id>
        <ColorKey>30</ColorKey>
      </Region>
      <Region>
        <Lng>0.0</Lng>
        <Value>28</Value>
        <Name>Libya</Name>
        <Lat>0.0</Lat>
        <Id>LY</Id>
        <ColorKey>28</ColorKey>
      </Region>
      <Region>
        <Lng>0.0</Lng>
        <Value>26</Value>
        <Name>Uganda</Name>
        <Lat>0.0</Lat>
        <Id>UG</Id>
        <ColorKey>26</ColorKey>
      </Region>
      <Region>
        <Lng>0.0</Lng>
        <Value>25</Value>
        <Name>Jamaica</Name>
        <Lat>0.0</Lat>
        <Id>JM</Id>
        <ColorKey>25</ColorKey>
      </Region>
      <Region>
        <Lng>0.0</Lng>
        <Value>20</Value>
        <Name>Cayman Islands</Name>
        <Lat>0.0</Lat>
        <Id>KY</Id>
        <ColorKey>20</ColorKey>
      </Region>
      <Region>
        <Lng>0.0</Lng>
        <Value>19</Value>
        <Name>Ethiopia</Name>
        <Lat>0.0</Lat>
        <Id>ET</Id>
        <ColorKey>19</ColorKey>
      </Region>
      <Region>
        <Lng>0.0</Lng>
        <Value>19</Value>
        <Name>Uzbekistan</Name>
        <Lat>0.0</Lat>
        <Id>UZ</Id>
        <ColorKey>19</ColorKey>
      </Region>
      <Region>
        <Lng>0.0</Lng>
        <Value>18</Value>
        <Name>Netherlands Antilles</Name>
        <Lat>0.0</Lat>
        <Id>AN</Id>
        <ColorKey>18</ColorKey>
      </Region>
      <Region>
        <Lng>0.0</Lng>
        <Value>18</Value>
        <Name>Macau</Name>
        <Lat>0.0</Lat>
        <Id>MO</Id>
        <ColorKey>18</ColorKey>
      </Region>
      <Region>
        <Lng>0.0</Lng>
        <Value>17</Value>
        <Name>Iraq</Name>
        <Lat>0.0</Lat>
        <Id>IQ</Id>
        <ColorKey>17</ColorKey>
      </Region>
      <Region>
        <Lng>0.0</Lng>
        <Value>17</Value>
        <Name>Madagascar</Name>
        <Lat>0.0</Lat>
        <Id>MG</Id>
        <ColorKey>17</ColorKey>
      </Region>
      <Region>
        <Lng>0.0</Lng>
        <Value>17</Value>
        <Name>Namibia</Name>
        <Lat>0.0</Lat>
        <Id>NA</Id>
        <ColorKey>17</ColorKey>
      </Region>
      <Region>
        <Lng>0.0</Lng>
        <Value>16</Value>
        <Name>Montenegro</Name>
        <Lat>0.0</Lat>
        <Id>ME</Id>
        <ColorKey>16</ColorKey>
      </Region>
      <Region>
        <Lng>0.0</Lng>
        <Value>15</Value>
        <Name>CÃƒÂ´te dÃ¢â‚¬â„¢Ivoire</Name>
        <Lat>0.0</Lat>
        <Id>CI</Id>
        <ColorKey>15</ColorKey>
      </Region>
      <Region>
        <Lng>0.0</Lng>
        <Value>15</Value>
        <Name>Maldives</Name>
        <Lat>0.0</Lat>
        <Id>MV</Id>
        <ColorKey>15</ColorKey>
      </Region>
      <Region>
        <Lng>0.0</Lng>
        <Value>15</Value>
        <Name>Antigua and Barbuda</Name>
        <Lat>0.0</Lat>
        <Id>AG</Id>
        <ColorKey>15</ColorKey>
      </Region>
      <Region>
        <Lng>0.0</Lng>
        <Value>14</Value>
        <Name>Cuba</Name>
        <Lat>0.0</Lat>
        <Id>CU</Id>
        <ColorKey>14</ColorKey>
      </Region>
      <Region>
        <Lng>0.0</Lng>
        <Value>14</Value>
        <Name>Trinidad and Tobago</Name>
        <Lat>0.0</Lat>
        <Id>TT</Id>
        <ColorKey>14</ColorKey>
      </Region>
      <Region>
        <Lng>0.0</Lng>
        <Value>13</Value>
        <Name>Tanzania</Name>
        <Lat>0.0</Lat>
        <Id>TZ</Id>
        <ColorKey>13</ColorKey>
      </Region>
      <Region>
        <Lng>0.0</Lng>
        <Value>13</Value>
        <Name>Botswana</Name>
        <Lat>0.0</Lat>
        <Id>BW</Id>
        <ColorKey>13</ColorKey>
      </Region>
      <Region>
        <Lng>0.0</Lng>
        <Value>12</Value>
        <Name>Isle of Man</Name>
        <Lat>0.0</Lat>
        <Id>IM</Id>
        <ColorKey>12</ColorKey>
      </Region>
      <Region>
        <Lng>0.0</Lng>
        <Value>12</Value>
        <Name>Azerbaijan</Name>
        <Lat>0.0</Lat>
        <Id>AZ</Id>
        <ColorKey>12</ColorKey>
      </Region>
      <Region>
        <Lng>0.0</Lng>
        <Value>10</Value>
        <Name>Laos</Name>
        <Lat>0.0</Lat>
        <Id>LA</Id>
        <ColorKey>10</ColorKey>
      </Region>
      <Region>
        <Lng>0.0</Lng>
        <Value>10</Value>
        <Name>Monaco</Name>
        <Lat>0.0</Lat>
        <Id>MC</Id>
        <ColorKey>10</ColorKey>
      </Region>
      <Region>
        <Lng>0.0</Lng>
        <Value>9</Value>
        <Name>Haiti</Name>
        <Lat>0.0</Lat>
        <Id>HT</Id>
        <ColorKey>9</ColorKey>
      </Region>
      <Region>
        <Lng>0.0</Lng>
        <Value>9</Value>
        <Name>Mozambique</Name>
        <Lat>0.0</Lat>
        <Id>MZ</Id>
        <ColorKey>9</ColorKey>
      </Region>
      <Region>
        <Lng>0.0</Lng>
        <Value>9</Value>
        <Name>Senegal</Name>
        <Lat>0.0</Lat>
        <Id>SN</Id>
        <ColorKey>9</ColorKey>
      </Region>
      <Region>
        <Lng>0.0</Lng>
        <Value>9</Value>
        <Name>Angola</Name>
        <Lat>0.0</Lat>
        <Id>AO</Id>
        <ColorKey>9</ColorKey>
      </Region>
      <Region>
        <Lng>0.0</Lng>
        <Value>8</Value>
        <Name>Paraguay</Name>
        <Lat>0.0</Lat>
        <Id>PY</Id>
        <ColorKey>8</ColorKey>
      </Region>
      <Region>
        <Lng>0.0</Lng>
        <Value>8</Value>
        <Name>Zimbabwe</Name>
        <Lat>0.0</Lat>
        <Id>ZW</Id>
        <ColorKey>8</ColorKey>
      </Region>
      <Region>
        <Lng>0.0</Lng>
        <Value>7</Value>
        <Name>Kyrgyzstan</Name>
        <Lat>0.0</Lat>
        <Id>KG</Id>
        <ColorKey>7</ColorKey>
      </Region>
      <Region>
        <Lng>0.0</Lng>
        <Value>6</Value>
        <Name>Rwanda</Name>
        <Lat>0.0</Lat>
        <Id>RW</Id>
        <ColorKey>6</ColorKey>
      </Region>
      <Region>
        <Lng>0.0</Lng>
        <Value>5</Value>
        <Name>Bermuda</Name>
        <Lat>0.0</Lat>
        <Id>BM</Id>
        <ColorKey>5</ColorKey>
      </Region>
      <Region>
        <Lng>0.0</Lng>
        <Value>5</Value>
        <Name>Brunei</Name>
        <Lat>0.0</Lat>
        <Id>BN</Id>
        <ColorKey>5</ColorKey>
      </Region>
      <Region>
        <Lng>0.0</Lng>
        <Value>5</Value>
        <Name>Afghanistan</Name>
        <Lat>0.0</Lat>
        <Id>AF</Id>
        <ColorKey>5</ColorKey>
      </Region>
      <Region>
        <Lng>0.0</Lng>
        <Value>4</Value>
        <Name>Djibouti</Name>
        <Lat>0.0</Lat>
        <Id>DJ</Id>
        <ColorKey>4</ColorKey>
      </Region>
      <Region>
        <Lng>0.0</Lng>
        <Value>4</Value>
        <Name>Benin</Name>
        <Lat>0.0</Lat>
        <Id>BJ</Id>
        <ColorKey>4</ColorKey>
      </Region>
      <Region>
        <Lng>0.0</Lng>
        <Value>4</Value>
        <Name>San Marino</Name>
        <Lat>0.0</Lat>
        <Id>SM</Id>
        <ColorKey>4</ColorKey>
      </Region>
      <Region>
        <Lng>0.0</Lng>
        <Value>4</Value>
        <Name>Tajikistan</Name>
        <Lat>0.0</Lat>
        <Id>TJ</Id>
        <ColorKey>4</ColorKey>
      </Region>
      <Region>
        <Lng>0.0</Lng>
        <Value>4</Value>
        <Name>Bahamas</Name>
        <Lat>0.0</Lat>
        <Id>BS</Id>
        <ColorKey>4</ColorKey>
      </Region>
      <Region>
        <Lng>0.0</Lng>
        <Value>4</Value>
        <Name>Jersey</Name>
        <Lat>0.0</Lat>
        <Id>JE</Id>
        <ColorKey>4</ColorKey>
      </Region>
      <Region>
        <Lng>0.0</Lng>
        <Value>4</Value>
        <Name>Liechtenstein</Name>
        <Lat>0.0</Lat>
        <Id>LI</Id>
        <ColorKey>4</ColorKey>
      </Region>
      <Region>
        <Lng>0.0</Lng>
        <Value>4</Value>
        <Name>Niger</Name>
        <Lat>0.0</Lat>
        <Id>NE</Id>
        <ColorKey>4</ColorKey>
      </Region>
      <Region>
        <Lng>0.0</Lng>
        <Value>4</Value>
        <Name>Guernsey</Name>
        <Lat>0.0</Lat>
        <Id>GG</Id>
        <ColorKey>4</ColorKey>
      </Region>
      <Region>
        <Lng>0.0</Lng>
        <Value>4</Value>
        <Name>U.S. Virgin Islands</Name>
        <Lat>0.0</Lat>
        <Id>VI</Id>
        <ColorKey>4</ColorKey>
      </Region>
      <Region>
        <Lng>0.0</Lng>
        <Value>3</Value>
        <Name>RÃƒÂ©union</Name>
        <Lat>0.0</Lat>
        <Id>RE</Id>
        <ColorKey>3</ColorKey>
      </Region>
      <Region>
        <Lng>0.0</Lng>
        <Value>3</Value>
        <Name>Malawi</Name>
        <Lat>0.0</Lat>
        <Id>MW</Id>
        <ColorKey>3</ColorKey>
      </Region>
      <Region>
        <Lng>0.0</Lng>
        <Value>3</Value>
        <Name>Andorra</Name>
        <Lat>0.0</Lat>
        <Id>AD</Id>
        <ColorKey>3</ColorKey>
      </Region>
      <Region>
        <Lng>0.0</Lng>
        <Value>3</Value>
        <Name>Seychelles</Name>
        <Lat>0.0</Lat>
        <Id>SC</Id>
        <ColorKey>3</ColorKey>
      </Region>
      <Region>
        <Lng>0.0</Lng>
        <Value>3</Value>
        <Name>Burkina Faso</Name>
        <Lat>0.0</Lat>
        <Id>BF</Id>
        <ColorKey>3</ColorKey>
      </Region>
      <Region>
        <Lng>0.0</Lng>
        <Value>3</Value>
        <Name>Fiji</Name>
        <Lat>0.0</Lat>
        <Id>FJ</Id>
        <ColorKey>3</ColorKey>
      </Region>
      <Region>
        <Lng>0.0</Lng>
        <Value>3</Value>
        <Name>Papua New Guinea</Name>
        <Lat>0.0</Lat>
        <Id>PG</Id>
        <ColorKey>3</ColorKey>
      </Region>
      <Region>
        <Lng>0.0</Lng>
        <Value>3</Value>
        <Name>Barbados</Name>
        <Lat>0.0</Lat>
        <Id>BB</Id>
        <ColorKey>3</ColorKey>
      </Region>
      <Region>
        <Lng>0.0</Lng>
        <Value>3</Value>
        <Name>Lesotho</Name>
        <Lat>0.0</Lat>
        <Id>LS</Id>
        <ColorKey>3</ColorKey>
      </Region>
      <Region>
        <Lng>0.0</Lng>
        <Value>2</Value>
        <Name>Guam</Name>
        <Lat>0.0</Lat>
        <Id>GU</Id>
        <ColorKey>2</ColorKey>
      </Region>
      <Region>
        <Lng>0.0</Lng>
        <Value>2</Value>
        <Name>Zambia</Name>
        <Lat>0.0</Lat>
        <Id>ZM</Id>
        <ColorKey>2</ColorKey>
      </Region>
      <Region>
        <Lng>0.0</Lng>
        <Value>2</Value>
        <Name>Bhutan</Name>
        <Lat>0.0</Lat>
        <Id>BT</Id>
        <ColorKey>2</ColorKey>
      </Region>
      <Region>
        <Lng>0.0</Lng>
        <Value>2</Value>
        <Name>Cameroon</Name>
        <Lat>0.0</Lat>
        <Id>CM</Id>
        <ColorKey>2</ColorKey>
      </Region>
      <Region>
        <Lng>0.0</Lng>
        <Value>2</Value>
        <Name>Cape Verde</Name>
        <Lat>0.0</Lat>
        <Id>CV</Id>
        <ColorKey>2</ColorKey>
      </Region>
      <Region>
        <Lng>0.0</Lng>
        <Value>2</Value>
        <Name>Dominica</Name>
        <Lat>0.0</Lat>
        <Id>DM</Id>
        <ColorKey>2</ColorKey>
      </Region>
      <Region>
        <Lng>0.0</Lng>
        <Value>2</Value>
        <Name>Guyana</Name>
        <Lat>0.0</Lat>
        <Id>GY</Id>
        <ColorKey>2</ColorKey>
      </Region>
      <Region>
        <Lng>0.0</Lng>
        <Value>2</Value>
        <Name>Congo [DRC]</Name>
        <Lat>0.0</Lat>
        <Id>CD</Id>
        <ColorKey>2</ColorKey>
      </Region>
      <Region>
        <Lng>0.0</Lng>
        <Value>1</Value>
        <Name>Togo</Name>
        <Lat>0.0</Lat>
        <Id>TG</Id>
        <ColorKey>1</ColorKey>
      </Region>
      <Region>
        <Lng>0.0</Lng>
        <Value>1</Value>
        <Name>Eritrea</Name>
        <Lat>0.0</Lat>
        <Id>ER</Id>
        <ColorKey>1</ColorKey>
      </Region>
      <Region>
        <Lng>0.0</Lng>
        <Value>1</Value>
        <Name>British Virgin Islands</Name>
        <Lat>0.0</Lat>
        <Id>VG</Id>
        <ColorKey>1</ColorKey>
      </Region>
      <Region>
        <Lng>0.0</Lng>
        <Value>1</Value>
        <Name>Grenada</Name>
        <Lat>0.0</Lat>
        <Id>GD</Id>
        <ColorKey>1</ColorKey>
      </Region>
      <Region>
        <Lng>0.0</Lng>
        <Value>1</Value>
        <Name>Saint Kitts and Nevis</Name>
        <Lat>0.0</Lat>
        <Id>KN</Id>
        <ColorKey>1</ColorKey>
      </Region>
      <Region>
        <Lng>0.0</Lng>
        <Value>1</Value>
        <Name>Gabon</Name>
        <Lat>0.0</Lat>
        <Id>GA</Id>
        <ColorKey>1</ColorKey>
      </Region>
      <Region>
        <Lng>0.0</Lng>
        <Value>1</Value>
        <Name>Faroe Islands</Name>
        <Lat>0.0</Lat>
        <Id>FO</Id>
        <ColorKey>1</ColorKey>
      </Region>
      <Region>
        <Lng>0.0</Lng>
        <Value>1</Value>
        <Name>Saint Lucia</Name>
        <Lat>0.0</Lat>
        <Id>LC</Id>
        <ColorKey>1</ColorKey>
      </Region>
      <Region>
        <Lng>0.0</Lng>
        <Value>1</Value>
        <Name>Burundi</Name>
        <Lat>0.0</Lat>
        <Id>BI</Id>
        <ColorKey>1</ColorKey>
      </Region>
      <Region>
        <Lng>0.0</Lng>
        <Value>1</Value>
        <Name>Tonga</Name>
        <Lat>0.0</Lat>
        <Id>TO</Id>
        <ColorKey>1</ColorKey>
      </Region>
      <Region>
        <Lng>0.0</Lng>
        <Value>1</Value>
        <Name>Vanuatu</Name>
        <Lat>0.0</Lat>
        <Id>VU</Id>
        <ColorKey>1</ColorKey>
      </Region>
      <Region>
        <Lng>0.0</Lng>
        <Value>1</Value>
        <Name>Gibraltar</Name>
        <Lat>0.0</Lat>
        <Id>GI</Id>
        <ColorKey>1</ColorKey>
      </Region>
      <Region>
        <Lng>0.0</Lng>
        <Value>1</Value>
        <Name>Timor-Leste</Name>
        <Lat>0.0</Lat>
        <Id>TL</Id>
        <ColorKey>1</ColorKey>
      </Region>
      <Region>
        <Lng>0.0</Lng>
        <Value>1</Value>
        <Name>Suriname</Name>
        <Lat>0.0</Lat>
        <Id>SR</Id>
        <ColorKey>1</ColorKey>
      </Region>
      <Region>
        <Lng>0.0</Lng>
        <Value>1</Value>
        <Name>Aruba</Name>
        <Lat>0.0</Lat>
        <Id>AW</Id>
        <ColorKey>1</ColorKey>
      </Region>
      <Region>
        <Lng>0.0</Lng>
        <Value>1</Value>
        <Name>Guadeloupe</Name>
        <Lat>0.0</Lat>
        <Id>GP</Id>
        <ColorKey>1</ColorKey>
      </Region>
      <Region>
        <Lng>0.0</Lng>
        <Value>1</Value>
        <Name>Liberia</Name>
        <Lat>0.0</Lat>
        <Id>LR</Id>
        <ColorKey>1</ColorKey>
      </Region>
      <Region>
        <Lng>0.0</Lng>
        <Value>1</Value>
        <Name>Mali</Name>
        <Lat>0.0</Lat>
        <Id>ML</Id>
        <ColorKey>1</ColorKey>
      </Region>
      <Minimum>1</Minimum>
      <Compare>false</Compare>
      <TargetId>world</TargetId>
      <DataIndex>0</DataIndex>
      <GeographyName>world_COUNTRIES.xml</GeographyName>
      <Maximum>26,670</Maximum>
      <ZoomOutEnabled>true</ZoomOutEnabled>
      <ZoomLevel>WORLD</ZoomLevel>
      <ZoomOutMessage>Zoom Out</ZoomOutMessage>
    </GeoMap>
    <Scorecard id="Scorecard">
      <Group>
        <Item>
          <Name>Visits</Name>
          <HelpMsg>The number of visits to your site.</HelpMsg>
          <Active>true</Active>
          <Line>
            <Value>111,320</Value>
            <Label>% of Site Total:</Label>
            <DisplayValue>false</DisplayValue>
          </Line>
          <Line>
            <Value>111,320</Value>
            <Label>% of Site Total:</Label>
            <PercentChange>100.00%</PercentChange>
            <DisplayValue>false</DisplayValue>
          </Line>
          <InverseCompare>false</InverseCompare>
          <Segments>false</Segments>
          <Goal>false</Goal>
          <Sparkline>
            <ControlForGraphMetric>true</ControlForGraphMetric>
            <Compare>false</Compare>
          </Sparkline>
        </Item>
        <Item>
          <Name>Pages/Visit</Name>
          <HelpMsg>The average number of pages viewed during a visit to your site. Repeated views of a single page are counted.</HelpMsg>
          <Active>true</Active>
          <Line>
            <Value>2.99</Value>
            <Label>Site Avg:</Label>
            <DisplayValue>true</DisplayValue>
          </Line>
          <Line>
            <Value>2.99</Value>
            <Label>Site Avg:</Label>
            <PercentChange>0.00%</PercentChange>
            <DisplayValue>true</DisplayValue>
          </Line>
          <InverseCompare>false</InverseCompare>
          <Segments>false</Segments>
          <Goal>false</Goal>
          <Sparkline>
            <ControlForGraphMetric>true</ControlForGraphMetric>
            <Compare>false</Compare>
          </Sparkline>
        </Item>
        <Item>
          <Name>Avg. Time on Site</Name>
          <HelpMsg>The average duration of a visit to your site.</HelpMsg>
          <Active>true</Active>
          <Line>
            <Value>00:02:51</Value>
            <Label>Site Avg:</Label>
            <DisplayValue>true</DisplayValue>
          </Line>
          <Line>
            <Value>00:02:51</Value>
            <Label>Site Avg:</Label>
            <PercentChange>0.00%</PercentChange>
            <DisplayValue>true</DisplayValue>
          </Line>
          <InverseCompare>false</InverseCompare>
          <Segments>false</Segments>
          <Goal>false</Goal>
          <Sparkline>
            <ControlForGraphMetric>true</ControlForGraphMetric>
            <Compare>false</Compare>
          </Sparkline>
        </Item>
        <Item>
          <Name>% New Visits</Name>
          <HelpMsg>The percentage of visits by people who had never visited your site before.</HelpMsg>
          <Active>true</Active>
          <Line>
            <Value>68.24%</Value>
            <Label>Site Avg:</Label>
            <DisplayValue>true</DisplayValue>
          </Line>
          <Line>
            <Value>68.13%</Value>
            <Label>Site Avg:</Label>
            <PercentChange>0.15%</PercentChange>
            <DisplayValue>true</DisplayValue>
          </Line>
          <InverseCompare>false</InverseCompare>
          <Segments>false</Segments>
          <Goal>false</Goal>
          <Sparkline>
            <ControlForGraphMetric>true</ControlForGraphMetric>
            <Compare>false</Compare>
          </Sparkline>
        </Item>
        <Item>
          <Name>Bounce Rate</Name>
          <HelpMsg>The percentage of single-page visits (i.e. visits in which the person left your site from the entrance page).</HelpMsg>
          <Active>true</Active>
          <Line>
            <Value>51.16%</Value>
            <Label>Site Avg:</Label>
            <DisplayValue>true</DisplayValue>
          </Line>
          <Line>
            <Value>51.16%</Value>
            <Label>Site Avg:</Label>
            <PercentChange>0.00%</PercentChange>
            <DisplayValue>true</DisplayValue>
          </Line>
          <InverseCompare>true</InverseCompare>
          <Segments>false</Segments>
          <Goal>false</Goal>
          <Sparkline>
            <ControlForGraphMetric>true</ControlForGraphMetric>
            <Compare>false</Compare>
          </Sparkline>
        </Item>
        <Name>Site Usage</Name>
        <Active>true</Active>
      </Group>
      <Format>COMPACT</Format>
      <Compare>true</Compare>
    </Scorecard>
    <TabView id="TabView">
      <ViewSelected>0</ViewSelected>
      <LastTab>
        <GroupIndex>2</GroupIndex>
        <TabName>Ecommerce</TabName>
      </LastTab>
      <MaxNumberOfTabsShown>3</MaxNumberOfTabsShown>
      <PivotViewEnabled>true</PivotViewEnabled>
      <Compare>false</Compare>
      <TabSelected>0</TabSelected>
      <SegmentLocked>true</SegmentLocked>
      <TableViewsEnabled>true</TableViewsEnabled>
      <TrendingView>false</TrendingView>
    </TabView>
    <Table id="Table">
      <Column>
        <Name>Visits</Name>
        <Active>true</Active>
        <ScaleFactor>1</ScaleFactor>
        <RawName>visits</RawName>
        <Total>111,320</Total>
      </Column>
      <Column>
        <Name>Pages/Visit</Name>
        <Active>true</Active>
        <ScaleFactor>8.25</ScaleFactor>
        <RawName>avg_pageviews</RawName>
        <Total>2.99</Total>
      </Column>
      <Column>
        <Name>Avg. Time on Site</Name>
        <Active>true</Active>
        <ScaleFactor>848.9590163934427</ScaleFactor>
        <RawName>avg_session_time</RawName>
        <Total>00:02:51</Total>
      </Column>
      <Column>
        <Name>% New Visits</Name>
        <Active>true</Active>
        <ScaleFactor>1.0</ScaleFactor>
        <RawName>percent_new_visitors</RawName>
        <Total>68.24%</Total>
      </Column>
      <Column>
        <Name>Bounce Rate</Name>
        <Active>true</Active>
        <ScaleFactor>1.0</ScaleFactor>
        <RawName>bounce_rate</RawName>
        <Total>51.16%</Total>
      </Column>
      <Column>
        <Name>Visits</Name>
        <Active>false</Active>
        <ScaleFactor>1</ScaleFactor>
        <RawName>visits</RawName>
      </Column>
      <Column>
        <Name>Shopping Cart</Name>
        <Active>false</Active>
        <ScaleFactor>1</ScaleFactor>
        <RawName>goal_conversion_rate_1</RawName>
      </Column>
      <Column>
        <Name>Studio Enterprise Page</Name>
        <Active>false</Active>
        <ScaleFactor>1</ScaleFactor>
        <RawName>goal_conversion_rate_2</RawName>
      </Column>
      <Column>
        <Name>Super Products List</Name>
        <Active>false</Active>
        <ScaleFactor>1</ScaleFactor>
        <RawName>goal_conversion_rate_3</RawName>
      </Column>
      <Column>
        <Name>Download Page</Name>
        <Active>false</Active>
        <ScaleFactor>1</ScaleFactor>
        <RawName>goal_conversion_rate_4</RawName>
      </Column>
      <Column>
        <Name>Goal Conversion Rate</Name>
        <Active>false</Active>
        <ScaleFactor>1</ScaleFactor>
        <RawName>goal_conversion_rate</RawName>
      </Column>
      <Column>
        <Name>Per Visit Goal Value</Name>
        <Active>false</Active>
        <ScaleFactor>1</ScaleFactor>
        <RawName>goal_value_per_visit</RawName>
      </Column>
      <Column>
        <Name>Visits</Name>
        <Active>false</Active>
        <ScaleFactor>1</ScaleFactor>
        <RawName>visits</RawName>
      </Column>
      <Column>
        <Name>Revenue</Name>
        <Active>false</Active>
        <ScaleFactor>1</ScaleFactor>
        <RawName>revenue</RawName>
      </Column>
      <Column>
        <Name>Transactions</Name>
        <Active>false</Active>
        <ScaleFactor>1</ScaleFactor>
        <RawName>transactions</RawName>
      </Column>
      <Column>
        <Name>Average Value</Name>
        <Active>false</Active>
        <ScaleFactor>1</ScaleFactor>
        <RawName>revenue_per_transaction</RawName>
      </Column>
      <Column>
        <Name>Ecommerce Conversion Rate</Name>
        <Active>false</Active>
        <ScaleFactor>1</ScaleFactor>
        <RawName>transactions_per_visit</RawName>
      </Column>
      <Column>
        <Name>Per Visit Value</Name>
        <Active>false</Active>
        <ScaleFactor>1</ScaleFactor>
        <RawName>revenue_per_visit</RawName>
      </Column>
      <ColumnShow>0</ColumnShow>
      <ZippyEnabled>false</ZippyEnabled>
      <Row>
        <Drilldown>true</Drilldown>
        <Cell>
          <Active>true</Active>
          <InverseCompare>false</InverseCompare>
          <Content>
            <Value>26,670</Value>
          </Content>
        </Cell>
        <Cell>
          <Active>true</Active>
          <InverseCompare>false</InverseCompare>
          <Content>
            <Value>3.30</Value>
          </Content>
        </Cell>
        <Cell>
          <Active>true</Active>
          <InverseCompare>false</InverseCompare>
          <Content>
            <Value>00:03:12</Value>
          </Content>
        </Cell>
        <Cell>
          <Active>true</Active>
          <InverseCompare>false</InverseCompare>
          <Content>
            <Value>63.45%</Value>
          </Content>
        </Cell>
        <Cell>
          <Active>true</Active>
          <InverseCompare>true</InverseCompare>
          <Content>
            <Value>48.50%</Value>
          </Content>
        </Cell>
        <HiddenCell>
          <Active>true</Active>
          <InverseCompare>false</InverseCompare>
          <Content>
            <Value>26,670</Value>
          </Content>
        </HiddenCell>
        <HiddenCell>
          <Active>true</Active>
          <InverseCompare>false</InverseCompare>
          <Content>
            <Value>0.00%</Value>
          </Content>
        </HiddenCell>
        <HiddenCell>
          <Active>true</Active>
          <InverseCompare>false</InverseCompare>
          <Content>
            <Value>10.35%</Value>
          </Content>
        </HiddenCell>
        <HiddenCell>
          <Active>true</Active>
          <InverseCompare>false</InverseCompare>
          <Content>
            <Value>68.45%</Value>
          </Content>
        </HiddenCell>
        <HiddenCell>
          <Active>true</Active>
          <InverseCompare>false</InverseCompare>
          <Content>
            <Value>0.00%</Value>
          </Content>
        </HiddenCell>
        <HiddenCell>
          <Active>true</Active>
          <InverseCompare>false</InverseCompare>
          <Content>
            <Value>78.80%</Value>
          </Content>
        </HiddenCell>
        <HiddenCell>
          <Active>true</Active>
          <InverseCompare>false</InverseCompare>
          <Content>
            <Value>$0.79</Value>
          </Content>
        </HiddenCell>
        <HiddenCell>
          <Active>true</Active>
          <InverseCompare>false</InverseCompare>
          <Content>
            <Value>26,670</Value>
          </Content>
        </HiddenCell>
        <HiddenCell>
          <Active>true</Active>
          <InverseCompare>false</InverseCompare>
          <Content>
            <Value>$0.00</Value>
          </Content>
        </HiddenCell>
        <HiddenCell>
          <Active>true</Active>
          <InverseCompare>false</InverseCompare>
          <Content>
            <Value>0</Value>
          </Content>
        </HiddenCell>
        <HiddenCell>
          <Active>true</Active>
          <InverseCompare>false</InverseCompare>
          <Content>
            <Value>$0.00</Value>
          </Content>
        </HiddenCell>
        <HiddenCell>
          <Active>true</Active>
          <InverseCompare>false</InverseCompare>
          <Content>
            <Value>0.00%</Value>
          </Content>
        </HiddenCell>
        <HiddenCell>
          <Active>true</Active>
          <InverseCompare>false</InverseCompare>
          <Content>
            <Value>$0.00</Value>
          </Content>
        </HiddenCell>
        <RowLabel>1</RowLabel>
        <DrilldownId>US</DrilldownId>
        <PrimaryKey>United States</PrimaryKey>
        <Key>United States</Key>
      </Row>
      <Row>
        <Drilldown>true</Drilldown>
        <Cell>
          <Active>true</Active>
          <InverseCompare>false</InverseCompare>
          <Content>
            <Value>12,413</Value>
          </Content>
        </Cell>
        <Cell>
          <Active>true</Active>
          <InverseCompare>false</InverseCompare>
          <Content>
            <Value>2.50</Value>
          </Content>
        </Cell>
        <Cell>
          <Active>true</Active>
          <InverseCompare>false</InverseCompare>
          <Content>
            <Value>00:02:46</Value>
          </Content>
        </Cell>
        <Cell>
          <Active>true</Active>
          <InverseCompare>false</InverseCompare>
          <Content>
            <Value>75.93%</Value>
          </Content>
        </Cell>
        <Cell>
          <Active>true</Active>
          <InverseCompare>true</InverseCompare>
          <Content>
            <Value>55.84%</Value>
          </Content>
        </Cell>
        <HiddenCell>
          <Active>true</Active>
          <InverseCompare>false</InverseCompare>
          <Content>
            <Value>12,413</Value>
          </Content>
        </HiddenCell>
        <HiddenCell>
          <Active>true</Active>
          <InverseCompare>false</InverseCompare>
          <Content>
            <Value>0.00%</Value>
          </Content>
        </HiddenCell>
        <HiddenCell>
          <Active>true</Active>
          <InverseCompare>false</InverseCompare>
          <Content>
            <Value>7.14%</Value>
          </Content>
        </HiddenCell>
        <HiddenCell>
          <Active>true</Active>
          <InverseCompare>false</InverseCompare>
          <Content>
            <Value>80.40%</Value>
          </Content>
        </HiddenCell>
        <HiddenCell>
          <Active>true</Active>
          <InverseCompare>false</InverseCompare>
          <Content>
            <Value>0.00%</Value>
          </Content>
        </HiddenCell>
        <HiddenCell>
          <Active>true</Active>
          <InverseCompare>false</InverseCompare>
          <Content>
            <Value>87.54%</Value>
          </Content>
        </HiddenCell>
        <HiddenCell>
          <Active>true</Active>
          <InverseCompare>false</InverseCompare>
          <Content>
            <Value>$0.88</Value>
          </Content>
        </HiddenCell>
        <HiddenCell>
          <Active>true</Active>
          <InverseCompare>false</InverseCompare>
          <Content>
            <Value>12,413</Value>
          </Content>
        </HiddenCell>
        <HiddenCell>
          <Active>true</Active>
          <InverseCompare>false</InverseCompare>
          <Content>
            <Value>$0.00</Value>
          </Content>
        </HiddenCell>
        <HiddenCell>
          <Active>true</Active>
          <InverseCompare>false</InverseCompare>
          <Content>
            <Value>0</Value>
          </Content>
        </HiddenCell>
        <HiddenCell>
          <Active>true</Active>
          <InverseCompare>false</InverseCompare>
          <Content>
            <Value>$0.00</Value>
          </Content>
        </HiddenCell>
        <HiddenCell>
          <Active>true</Active>
          <InverseCompare>false</InverseCompare>
          <Content>
            <Value>0.00%</Value>
          </Content>
        </HiddenCell>
        <HiddenCell>
          <Active>true</Active>
          <InverseCompare>false</InverseCompare>
          <Content>
            <Value>$0.00</Value>
          </Content>
        </HiddenCell>
        <RowLabel>2</RowLabel>
        <DrilldownId>IN</DrilldownId>
        <PrimaryKey>India</PrimaryKey>
        <Key>India</Key>
      </Row>
      <Row>
        <Drilldown>true</Drilldown>
        <Cell>
          <Active>true</Active>
          <InverseCompare>false</InverseCompare>
          <Content>
            <Value>5,776</Value>
          </Content>
        </Cell>
        <Cell>
          <Active>true</Active>
          <InverseCompare>false</InverseCompare>
          <Content>
            <Value>2.35</Value>
          </Content>
        </Cell>
        <Cell>
          <Active>true</Active>
          <InverseCompare>false</InverseCompare>
          <Content>
            <Value>00:02:18</Value>
          </Content>
        </Cell>
        <Cell>
          <Active>true</Active>
          <InverseCompare>false</InverseCompare>
          <Content>
            <Value>79.10%</Value>
          </Content>
        </Cell>
        <Cell>
          <Active>true</Active>
          <InverseCompare>true</InverseCompare>
          <Content>
            <Value>58.86%</Value>
          </Content>
        </Cell>
        <HiddenCell>
          <Active>true</Active>
          <InverseCompare>false</InverseCompare>
          <Content>
            <Value>5,776</Value>
          </Content>
        </HiddenCell>
        <HiddenCell>
          <Active>true</Active>
          <InverseCompare>false</InverseCompare>
          <Content>
            <Value>0.00%</Value>
          </Content>
        </HiddenCell>
        <HiddenCell>
          <Active>true</Active>
          <InverseCompare>false</InverseCompare>
          <Content>
            <Value>10.82%</Value>
          </Content>
        </HiddenCell>
        <HiddenCell>
          <Active>true</Active>
          <InverseCompare>false</InverseCompare>
          <Content>
            <Value>67.49%</Value>
          </Content>
        </HiddenCell>
        <HiddenCell>
          <Active>true</Active>
          <InverseCompare>false</InverseCompare>
          <Content>
            <Value>0.00%</Value>
          </Content>
        </HiddenCell>
        <HiddenCell>
          <Active>true</Active>
          <InverseCompare>false</InverseCompare>
          <Content>
            <Value>78.31%</Value>
          </Content>
        </HiddenCell>
        <HiddenCell>
          <Active>true</Active>
          <InverseCompare>false</InverseCompare>
          <Content>
            <Value>$0.78</Value>
          </Content>
        </HiddenCell>
        <HiddenCell>
          <Active>true</Active>
          <InverseCompare>false</InverseCompare>
          <Content>
            <Value>5,776</Value>
          </Content>
        </HiddenCell>
        <HiddenCell>
          <Active>true</Active>
          <InverseCompare>false</InverseCompare>
          <Content>
            <Value>$0.00</Value>
          </Content>
        </HiddenCell>
        <HiddenCell>
          <Active>true</Active>
          <InverseCompare>false</InverseCompare>
          <Content>
            <Value>0</Value>
          </Content>
        </HiddenCell>
        <HiddenCell>
          <Active>true</Active>
          <InverseCompare>false</InverseCompare>
          <Content>
            <Value>$0.00</Value>
          </Content>
        </HiddenCell>
        <HiddenCell>
          <Active>true</Active>
          <InverseCompare>false</InverseCompare>
          <Content>
            <Value>0.00%</Value>
          </Content>
        </HiddenCell>
        <HiddenCell>
          <Active>true</Active>
          <InverseCompare>false</InverseCompare>
          <Content>
            <Value>$0.00</Value>
          </Content>
        </HiddenCell>
        <RowLabel>3</RowLabel>
        <DrilldownId>CN</DrilldownId>
        <PrimaryKey>China</PrimaryKey>
        <Key>China</Key>
      </Row>
      <Row>
        <Drilldown>true</Drilldown>
        <Cell>
          <Active>true</Active>
          <InverseCompare>false</InverseCompare>
          <Content>
            <Value>5,164</Value>
          </Content>
        </Cell>
        <Cell>
          <Active>true</Active>
          <InverseCompare>false</InverseCompare>
          <Content>
            <Value>2.79</Value>
          </Content>
        </Cell>
        <Cell>
          <Active>true</Active>
          <InverseCompare>false</InverseCompare>
          <Content>
            <Value>00:02:22</Value>
          </Content>
        </Cell>
        <Cell>
          <Active>true</Active>
          <InverseCompare>false</InverseCompare>
          <Content>
            <Value>69.83%</Value>
          </Content>
        </Cell>
        <Cell>
          <Active>true</Active>
          <InverseCompare>true</InverseCompare>
          <Content>
            <Value>53.87%</Value>
          </Content>
        </Cell>
        <HiddenCell>
          <Active>true</Active>
          <InverseCompare>false</InverseCompare>
          <Content>
            <Value>5,164</Value>
          </Content>
        </HiddenCell>
        <HiddenCell>
          <Active>true</Active>
          <InverseCompare>false</InverseCompare>
          <Content>
            <Value>0.00%</Value>
          </Content>
        </HiddenCell>
        <HiddenCell>
          <Active>true</Active>
          <InverseCompare>false</InverseCompare>
          <Content>
            <Value>15.69%</Value>
          </Content>
        </HiddenCell>
        <HiddenCell>
          <Active>true</Active>
          <InverseCompare>false</InverseCompare>
          <Content>
            <Value>70.51%</Value>
          </Content>
        </HiddenCell>
        <HiddenCell>
          <Active>true</Active>
          <InverseCompare>false</InverseCompare>
          <Content>
            <Value>0.00%</Value>
          </Content>
        </HiddenCell>
        <HiddenCell>
          <Active>true</Active>
          <InverseCompare>false</InverseCompare>
          <Content>
            <Value>86.19%</Value>
          </Content>
        </HiddenCell>
        <HiddenCell>
          <Active>true</Active>
          <InverseCompare>false</InverseCompare>
          <Content>
            <Value>$0.86</Value>
          </Content>
        </HiddenCell>
        <HiddenCell>
          <Active>true</Active>
          <InverseCompare>false</InverseCompare>
          <Content>
            <Value>5,164</Value>
          </Content>
        </HiddenCell>
        <HiddenCell>
          <Active>true</Active>
          <InverseCompare>false</InverseCompare>
          <Content>
            <Value>$0.00</Value>
          </Content>
        </HiddenCell>
        <HiddenCell>
          <Active>true</Active>
          <InverseCompare>false</InverseCompare>
          <Content>
            <Value>0</Value>
          </Content>
        </HiddenCell>
        <HiddenCell>
          <Active>true</Active>
          <InverseCompare>false</InverseCompare>
          <Content>
            <Value>$0.00</Value>
          </Content>
        </HiddenCell>
        <HiddenCell>
          <Active>true</Active>
          <InverseCompare>false</InverseCompare>
          <Content>
            <Value>0.00%</Value>
          </Content>
        </HiddenCell>
        <HiddenCell>
          <Active>true</Active>
          <InverseCompare>false</InverseCompare>
          <Content>
            <Value>$0.00</Value>
          </Content>
        </HiddenCell>
        <RowLabel>4</RowLabel>
        <DrilldownId>GB</DrilldownId>
        <PrimaryKey>United Kingdom</PrimaryKey>
        <Key>United Kingdom</Key>
      </Row>
      <Row>
        <Drilldown>true</Drilldown>
        <Cell>
          <Active>true</Active>
          <InverseCompare>false</InverseCompare>
          <Content>
            <Value>4,676</Value>
          </Content>
        </Cell>
        <Cell>
          <Active>true</Active>
          <InverseCompare>false</InverseCompare>
          <Content>
            <Value>3.69</Value>
          </Content>
        </Cell>
        <Cell>
          <Active>true</Active>
          <InverseCompare>false</InverseCompare>
          <Content>
            <Value>00:03:12</Value>
          </Content>
        </Cell>
        <Cell>
          <Active>true</Active>
          <InverseCompare>false</InverseCompare>
          <Content>
            <Value>61.18%</Value>
          </Content>
        </Cell>
        <Cell>
          <Active>true</Active>
          <InverseCompare>true</InverseCompare>
          <Content>
            <Value>44.78%</Value>
          </Content>
        </Cell>
        <HiddenCell>
          <Active>true</Active>
          <InverseCompare>false</InverseCompare>
          <Content>
            <Value>4,676</Value>
          </Content>
        </HiddenCell>
        <HiddenCell>
          <Active>true</Active>
          <InverseCompare>false</InverseCompare>
          <Content>
            <Value>0.00%</Value>
          </Content>
        </HiddenCell>
        <HiddenCell>
          <Active>true</Active>
          <InverseCompare>false</InverseCompare>
          <Content>
            <Value>12.64%</Value>
          </Content>
        </HiddenCell>
        <HiddenCell>
          <Active>true</Active>
          <InverseCompare>false</InverseCompare>
          <Content>
            <Value>70.10%</Value>
          </Content>
        </HiddenCell>
        <HiddenCell>
          <Active>true</Active>
          <InverseCompare>false</InverseCompare>
          <Content>
            <Value>0.00%</Value>
          </Content>
        </HiddenCell>
        <HiddenCell>
          <Active>true</Active>
          <InverseCompare>false</InverseCompare>
          <Content>
            <Value>82.74%</Value>
          </Content>
        </HiddenCell>
        <HiddenCell>
          <Active>true</Active>
          <InverseCompare>false</InverseCompare>
          <Content>
            <Value>$0.83</Value>
          </Content>
        </HiddenCell>
        <HiddenCell>
          <Active>true</Active>
          <InverseCompare>false</InverseCompare>
          <Content>
            <Value>4,676</Value>
          </Content>
        </HiddenCell>
        <HiddenCell>
          <Active>true</Active>
          <InverseCompare>false</InverseCompare>
          <Content>
            <Value>$0.00</Value>
          </Content>
        </HiddenCell>
        <HiddenCell>
          <Active>true</Active>
          <InverseCompare>false</InverseCompare>
          <Content>
            <Value>0</Value>
          </Content>
        </HiddenCell>
        <HiddenCell>
          <Active>true</Active>
          <InverseCompare>false</InverseCompare>
          <Content>
            <Value>$0.00</Value>
          </Content>
        </HiddenCell>
        <HiddenCell>
          <Active>true</Active>
          <InverseCompare>false</InverseCompare>
          <Content>
            <Value>0.00%</Value>
          </Content>
        </HiddenCell>
        <HiddenCell>
          <Active>true</Active>
          <InverseCompare>false</InverseCompare>
          <Content>
            <Value>$0.00</Value>
          </Content>
        </HiddenCell>
        <RowLabel>5</RowLabel>
        <DrilldownId>DE</DrilldownId>
        <PrimaryKey>Germany</PrimaryKey>
        <Key>Germany</Key>
      </Row>
      <Row>
        <Drilldown>true</Drilldown>
        <Cell>
          <Active>true</Active>
          <InverseCompare>false</InverseCompare>
          <Content>
            <Value>3,964</Value>
          </Content>
        </Cell>
        <Cell>
          <Active>true</Active>
          <InverseCompare>false</InverseCompare>
          <Content>
            <Value>2.33</Value>
          </Content>
        </Cell>
        <Cell>
          <Active>true</Active>
          <InverseCompare>false</InverseCompare>
          <Content>
            <Value>00:01:47</Value>
          </Content>
        </Cell>
        <Cell>
          <Active>true</Active>
          <InverseCompare>false</InverseCompare>
          <Content>
            <Value>83.53%</Value>
          </Content>
        </Cell>
        <Cell>
          <Active>true</Active>
          <InverseCompare>true</InverseCompare>
          <Content>
            <Value>63.82%</Value>
          </Content>
        </Cell>
        <HiddenCell>
          <Active>true</Active>
          <InverseCompare>false</InverseCompare>
          <Content>
            <Value>3,964</Value>
          </Content>
        </HiddenCell>
        <HiddenCell>
          <Active>true</Active>
          <InverseCompare>false</InverseCompare>
          <Content>
            <Value>0.00%</Value>
          </Content>
        </HiddenCell>
        <HiddenCell>
          <Active>true</Active>
          <InverseCompare>false</InverseCompare>
          <Content>
            <Value>16.02%</Value>
          </Content>
        </HiddenCell>
        <HiddenCell>
          <Active>true</Active>
          <InverseCompare>false</InverseCompare>
          <Content>
            <Value>77.65%</Value>
          </Content>
        </HiddenCell>
        <HiddenCell>
          <Active>true</Active>
          <InverseCompare>false</InverseCompare>
          <Content>
            <Value>0.00%</Value>
          </Content>
        </HiddenCell>
        <HiddenCell>
          <Active>true</Active>
          <InverseCompare>false</InverseCompare>
          <Content>
            <Value>93.67%</Value>
          </Content>
        </HiddenCell>
        <HiddenCell>
          <Active>true</Active>
          <InverseCompare>false</InverseCompare>
          <Content>
            <Value>$0.94</Value>
          </Content>
        </HiddenCell>
        <HiddenCell>
          <Active>true</Active>
          <InverseCompare>false</InverseCompare>
          <Content>
            <Value>3,964</Value>
          </Content>
        </HiddenCell>
        <HiddenCell>
          <Active>true</Active>
          <InverseCompare>false</InverseCompare>
          <Content>
            <Value>$0.00</Value>
          </Content>
        </HiddenCell>
        <HiddenCell>
          <Active>true</Active>
          <InverseCompare>false</InverseCompare>
          <Content>
            <Value>0</Value>
          </Content>
        </HiddenCell>
        <HiddenCell>
          <Active>true</Active>
          <InverseCompare>false</InverseCompare>
          <Content>
            <Value>$0.00</Value>
          </Content>
        </HiddenCell>
        <HiddenCell>
          <Active>true</Active>
          <InverseCompare>false</InverseCompare>
          <Content>
            <Value>0.00%</Value>
          </Content>
        </HiddenCell>
        <HiddenCell>
          <Active>true</Active>
          <InverseCompare>false</InverseCompare>
          <Content>
            <Value>$0.00</Value>
          </Content>
        </HiddenCell>
        <RowLabel>6</RowLabel>
        <DrilldownId>BR</DrilldownId>
        <PrimaryKey>Brazil</PrimaryKey>
        <Key>Brazil</Key>
      </Row>
      <Row>
        <Drilldown>true</Drilldown>
        <Cell>
          <Active>true</Active>
          <InverseCompare>false</InverseCompare>
          <Content>
            <Value>3,193</Value>
          </Content>
        </Cell>
        <Cell>
          <Active>true</Active>
          <InverseCompare>false</InverseCompare>
          <Content>
            <Value>3.26</Value>
          </Content>
        </Cell>
        <Cell>
          <Active>true</Active>
          <InverseCompare>false</InverseCompare>
          <Content>
            <Value>00:02:33</Value>
          </Content>
        </Cell>
        <Cell>
          <Active>true</Active>
          <InverseCompare>false</InverseCompare>
          <Content>
            <Value>67.46%</Value>
          </Content>
        </Cell>
        <Cell>
          <Active>true</Active>
          <InverseCompare>true</InverseCompare>
          <Content>
            <Value>48.79%</Value>
          </Content>
        </Cell>
        <HiddenCell>
          <Active>true</Active>
          <InverseCompare>false</InverseCompare>
          <Content>
            <Value>3,193</Value>
          </Content>
        </HiddenCell>
        <HiddenCell>
          <Active>true</Active>
          <InverseCompare>false</InverseCompare>
          <Content>
            <Value>0.00%</Value>
          </Content>
        </HiddenCell>
        <HiddenCell>
          <Active>true</Active>
          <InverseCompare>false</InverseCompare>
          <Content>
            <Value>11.87%</Value>
          </Content>
        </HiddenCell>
        <HiddenCell>
          <Active>true</Active>
          <InverseCompare>false</InverseCompare>
          <Content>
            <Value>77.61%</Value>
          </Content>
        </HiddenCell>
        <HiddenCell>
          <Active>true</Active>
          <InverseCompare>false</InverseCompare>
          <Content>
            <Value>0.00%</Value>
          </Content>
        </HiddenCell>
        <HiddenCell>
          <Active>true</Active>
          <InverseCompare>false</InverseCompare>
          <Content>
            <Value>89.48%</Value>
          </Content>
        </HiddenCell>
        <HiddenCell>
          <Active>true</Active>
          <InverseCompare>false</InverseCompare>
          <Content>
            <Value>$0.89</Value>
          </Content>
        </HiddenCell>
        <HiddenCell>
          <Active>true</Active>
          <InverseCompare>false</InverseCompare>
          <Content>
            <Value>3,193</Value>
          </Content>
        </HiddenCell>
        <HiddenCell>
          <Active>true</Active>
          <InverseCompare>false</InverseCompare>
          <Content>
            <Value>$0.00</Value>
          </Content>
        </HiddenCell>
        <HiddenCell>
          <Active>true</Active>
          <InverseCompare>false</InverseCompare>
          <Content>
            <Value>0</Value>
          </Content>
        </HiddenCell>
        <HiddenCell>
          <Active>true</Active>
          <InverseCompare>false</InverseCompare>
          <Content>
            <Value>$0.00</Value>
          </Content>
        </HiddenCell>
        <HiddenCell>
          <Active>true</Active>
          <InverseCompare>false</InverseCompare>
          <Content>
            <Value>0.00%</Value>
          </Content>
        </HiddenCell>
        <HiddenCell>
          <Active>true</Active>
          <InverseCompare>false</InverseCompare>
          <Content>
            <Value>$0.00</Value>
          </Content>
        </HiddenCell>
        <RowLabel>7</RowLabel>
        <DrilldownId>IT</DrilldownId>
        <PrimaryKey>Italy</PrimaryKey>
        <Key>Italy</Key>
      </Row>
      <Row>
        <Drilldown>true</Drilldown>
        <Cell>
          <Active>true</Active>
          <InverseCompare>false</InverseCompare>
          <Content>
            <Value>2,955</Value>
          </Content>
        </Cell>
        <Cell>
          <Active>true</Active>
          <InverseCompare>false</InverseCompare>
          <Content>
            <Value>3.54</Value>
          </Content>
        </Cell>
        <Cell>
          <Active>true</Active>
          <InverseCompare>false</InverseCompare>
          <Content>
            <Value>00:03:16</Value>
          </Content>
        </Cell>
        <Cell>
          <Active>true</Active>
          <InverseCompare>false</InverseCompare>
          <Content>
            <Value>62.06%</Value>
          </Content>
        </Cell>
        <Cell>
          <Active>true</Active>
          <InverseCompare>true</InverseCompare>
          <Content>
            <Value>46.29%</Value>
          </Content>
        </Cell>
        <HiddenCell>
          <Active>true</Active>
          <InverseCompare>false</InverseCompare>
          <Content>
            <Value>2,955</Value>
          </Content>
        </HiddenCell>
        <HiddenCell>
          <Active>true</Active>
          <InverseCompare>false</InverseCompare>
          <Content>
            <Value>0.00%</Value>
          </Content>
        </HiddenCell>
        <HiddenCell>
          <Active>true</Active>
          <InverseCompare>false</InverseCompare>
          <Content>
            <Value>9.27%</Value>
          </Content>
        </HiddenCell>
        <HiddenCell>
          <Active>true</Active>
          <InverseCompare>false</InverseCompare>
          <Content>
            <Value>71.74%</Value>
          </Content>
        </HiddenCell>
        <HiddenCell>
          <Active>true</Active>
          <InverseCompare>false</InverseCompare>
          <Content>
            <Value>0.00%</Value>
          </Content>
        </HiddenCell>
        <HiddenCell>
          <Active>true</Active>
          <InverseCompare>false</InverseCompare>
          <Content>
            <Value>81.02%</Value>
          </Content>
        </HiddenCell>
        <HiddenCell>
          <Active>true</Active>
          <InverseCompare>false</InverseCompare>
          <Content>
            <Value>$0.81</Value>
          </Content>
        </HiddenCell>
        <HiddenCell>
          <Active>true</Active>
          <InverseCompare>false</InverseCompare>
          <Content>
            <Value>2,955</Value>
          </Content>
        </HiddenCell>
        <HiddenCell>
          <Active>true</Active>
          <InverseCompare>false</InverseCompare>
          <Content>
            <Value>$0.00</Value>
          </Content>
        </HiddenCell>
        <HiddenCell>
          <Active>true</Active>
          <InverseCompare>false</InverseCompare>
          <Content>
            <Value>0</Value>
          </Content>
        </HiddenCell>
        <HiddenCell>
          <Active>true</Active>
          <InverseCompare>false</InverseCompare>
          <Content>
            <Value>$0.00</Value>
          </Content>
        </HiddenCell>
        <HiddenCell>
          <Active>true</Active>
          <InverseCompare>false</InverseCompare>
          <Content>
            <Value>0.00%</Value>
          </Content>
        </HiddenCell>
        <HiddenCell>
          <Active>true</Active>
          <InverseCompare>false</InverseCompare>
          <Content>
            <Value>$0.00</Value>
          </Content>
        </HiddenCell>
        <RowLabel>8</RowLabel>
        <DrilldownId>CA</DrilldownId>
        <PrimaryKey>Canada</PrimaryKey>
        <Key>Canada</Key>
      </Row>
      <Row>
        <Drilldown>true</Drilldown>
        <Cell>
          <Active>true</Active>
          <InverseCompare>false</InverseCompare>
          <Content>
            <Value>2,321</Value>
          </Content>
        </Cell>
        <Cell>
          <Active>true</Active>
          <InverseCompare>false</InverseCompare>
          <Content>
            <Value>3.13</Value>
          </Content>
        </Cell>
        <Cell>
          <Active>true</Active>
          <InverseCompare>false</InverseCompare>
          <Content>
            <Value>00:02:59</Value>
          </Content>
        </Cell>
        <Cell>
          <Active>true</Active>
          <InverseCompare>false</InverseCompare>
          <Content>
            <Value>67.56%</Value>
          </Content>
        </Cell>
        <Cell>
          <Active>true</Active>
          <InverseCompare>true</InverseCompare>
          <Content>
            <Value>51.49%</Value>
          </Content>
        </Cell>
        <HiddenCell>
          <Active>true</Active>
          <InverseCompare>false</InverseCompare>
          <Content>
            <Value>2,321</Value>
          </Content>
        </HiddenCell>
        <HiddenCell>
          <Active>true</Active>
          <InverseCompare>false</InverseCompare>
          <Content>
            <Value>0.00%</Value>
          </Content>
        </HiddenCell>
        <HiddenCell>
          <Active>true</Active>
          <InverseCompare>false</InverseCompare>
          <Content>
            <Value>9.69%</Value>
          </Content>
        </HiddenCell>
        <HiddenCell>
          <Active>true</Active>
          <InverseCompare>false</InverseCompare>
          <Content>
            <Value>79.92%</Value>
          </Content>
        </HiddenCell>
        <HiddenCell>
          <Active>true</Active>
          <InverseCompare>false</InverseCompare>
          <Content>
            <Value>0.00%</Value>
          </Content>
        </HiddenCell>
        <HiddenCell>
          <Active>true</Active>
          <InverseCompare>false</InverseCompare>
          <Content>
            <Value>89.62%</Value>
          </Content>
        </HiddenCell>
        <HiddenCell>
          <Active>true</Active>
          <InverseCompare>false</InverseCompare>
          <Content>
            <Value>$0.90</Value>
          </Content>
        </HiddenCell>
        <HiddenCell>
          <Active>true</Active>
          <InverseCompare>false</InverseCompare>
          <Content>
            <Value>2,321</Value>
          </Content>
        </HiddenCell>
        <HiddenCell>
          <Active>true</Active>
          <InverseCompare>false</InverseCompare>
          <Content>
            <Value>$0.00</Value>
          </Content>
        </HiddenCell>
        <HiddenCell>
          <Active>true</Active>
          <InverseCompare>false</InverseCompare>
          <Content>
            <Value>0</Value>
          </Content>
        </HiddenCell>
        <HiddenCell>
          <Active>true</Active>
          <InverseCompare>false</InverseCompare>
          <Content>
            <Value>$0.00</Value>
          </Content>
        </HiddenCell>
        <HiddenCell>
          <Active>true</Active>
          <InverseCompare>false</InverseCompare>
          <Content>
            <Value>0.00%</Value>
          </Content>
        </HiddenCell>
        <HiddenCell>
          <Active>true</Active>
          <InverseCompare>false</InverseCompare>
          <Content>
            <Value>$0.00</Value>
          </Content>
        </HiddenCell>
        <RowLabel>9</RowLabel>
        <DrilldownId>FR</DrilldownId>
        <PrimaryKey>France</PrimaryKey>
        <Key>France</Key>
      </Row>
      <Row>
        <Drilldown>true</Drilldown>
        <Cell>
          <Active>true</Active>
          <InverseCompare>false</InverseCompare>
          <Content>
            <Value>1,989</Value>
          </Content>
        </Cell>
        <Cell>
          <Active>true</Active>
          <InverseCompare>false</InverseCompare>
          <Content>
            <Value>3.38</Value>
          </Content>
        </Cell>
        <Cell>
          <Active>true</Active>
          <InverseCompare>false</InverseCompare>
          <Content>
            <Value>00:03:36</Value>
          </Content>
        </Cell>
        <Cell>
          <Active>true</Active>
          <InverseCompare>false</InverseCompare>
          <Content>
            <Value>62.19%</Value>
          </Content>
        </Cell>
        <Cell>
          <Active>true</Active>
          <InverseCompare>true</InverseCompare>
          <Content>
            <Value>44.65%</Value>
          </Content>
        </Cell>
        <HiddenCell>
          <Active>true</Active>
          <InverseCompare>false</InverseCompare>
          <Content>
            <Value>1,989</Value>
          </Content>
        </HiddenCell>
        <HiddenCell>
          <Active>true</Active>
          <InverseCompare>false</InverseCompare>
          <Content>
            <Value>0.00%</Value>
          </Content>
        </HiddenCell>
        <HiddenCell>
          <Active>true</Active>
          <InverseCompare>false</InverseCompare>
          <Content>
            <Value>9.45%</Value>
          </Content>
        </HiddenCell>
        <HiddenCell>
          <Active>true</Active>
          <InverseCompare>false</InverseCompare>
          <Content>
            <Value>73.40%</Value>
          </Content>
        </HiddenCell>
        <HiddenCell>
          <Active>true</Active>
          <InverseCompare>false</InverseCompare>
          <Content>
            <Value>0.00%</Value>
          </Content>
        </HiddenCell>
        <HiddenCell>
          <Active>true</Active>
          <InverseCompare>false</InverseCompare>
          <Content>
            <Value>82.86%</Value>
          </Content>
        </HiddenCell>
        <HiddenCell>
          <Active>true</Active>
          <InverseCompare>false</InverseCompare>
          <Content>
            <Value>$0.83</Value>
          </Content>
        </HiddenCell>
        <HiddenCell>
          <Active>true</Active>
          <InverseCompare>false</InverseCompare>
          <Content>
            <Value>1,989</Value>
          </Content>
        </HiddenCell>
        <HiddenCell>
          <Active>true</Active>
          <InverseCompare>false</InverseCompare>
          <Content>
            <Value>$0.00</Value>
          </Content>
        </HiddenCell>
        <HiddenCell>
          <Active>true</Active>
          <InverseCompare>false</InverseCompare>
          <Content>
            <Value>0</Value>
          </Content>
        </HiddenCell>
        <HiddenCell>
          <Active>true</Active>
          <InverseCompare>false</InverseCompare>
          <Content>
            <Value>$0.00</Value>
          </Content>
        </HiddenCell>
        <HiddenCell>
          <Active>true</Active>
          <InverseCompare>false</InverseCompare>
          <Content>
            <Value>0.00%</Value>
          </Content>
        </HiddenCell>
        <HiddenCell>
          <Active>true</Active>
          <InverseCompare>false</InverseCompare>
          <Content>
            <Value>$0.00</Value>
          </Content>
        </HiddenCell>
        <RowLabel>10</RowLabel>
        <DrilldownId>AU</DrilldownId>
        <PrimaryKey>Australia</PrimaryKey>
        <Key>Australia</Key>
      </Row>
      <IncludeLinker>false</IncludeLinker>
      <DataSetLabel>September 11, 2010 - October 11, 2010</DataSetLabel>
      <Compare>false</Compare>
      <Sampled>false</Sampled>
      <RowDataRange>1 - 10 of 187</RowDataRange>
      <RowEnd>10</RowEnd>
      <FilterString></FilterString>
      <ColumnStart>0</ColumnStart>
      <AdvancedFilterShown>false</AdvancedFilterShown>
      <ActiveColumn>
        <Name>Visits</Name>
        <Active>true</Active>
        <ScaleFactor>1</ScaleFactor>
        <RawName>visits</RawName>
        <Total>111,320</Total>
      </ActiveColumn>
      <ActiveColumn>
        <Name>Pages/Visit</Name>
        <Active>true</Active>
        <ScaleFactor>8.25</ScaleFactor>
        <RawName>avg_pageviews</RawName>
        <Total>2.99</Total>
      </ActiveColumn>
      <ActiveColumn>
        <Name>Avg. Time on Site</Name>
        <Active>true</Active>
        <ScaleFactor>848.9590163934427</ScaleFactor>
        <RawName>avg_session_time</RawName>
        <Total>00:02:51</Total>
      </ActiveColumn>
      <ActiveColumn>
        <Name>% New Visits</Name>
        <Active>true</Active>
        <ScaleFactor>1.0</ScaleFactor>
        <RawName>percent_new_visitors</RawName>
        <Total>68.24%</Total>
      </ActiveColumn>
      <ActiveColumn>
        <Name>Bounce Rate</Name>
        <Active>true</Active>
        <ScaleFactor>1.0</ScaleFactor>
        <RawName>bounce_rate</RawName>
        <Total>51.16%</Total>
      </ActiveColumn>
      <SeeAllLabel>see all</SeeAllLabel>
      <DeltaMessage>% Change</DeltaMessage>
      <SimultaneousDrilldown>false</SimultaneousDrilldown>
      <KeyColumn>
        <DrilldownId>country_id</DrilldownId>
        <KeyName>country</KeyName>
      </KeyColumn>
      <RowShow>10</RowShow>
      <RowCount>187</RowCount>
      <TableFilteringEnabled>true</TableFilteringEnabled>
      <KeyFilterEnabled>true</KeyFilterEnabled>
      <RowStart>0</RowStart>
      <HasCustomTooltips>false</HasCustomTooltips>
      <ColumnCount>0</ColumnCount>
      <NoDataLabel>There is no data for this view.</NoDataLabel>
      <FilterType>0</FilterType>
      <ColumnEnd>0</ColumnEnd>
      <AdvancedFilterApplied>false</AdvancedFilterApplied>
    </Table>
    <TableFilter id="TableFilter">
      <Group>
        <Column>
          <Name>Visits</Name>
          <RawName>visits</RawName>
        </Column>
        <Column>
          <Name>Pages/Visit</Name>
          <RawName>avg_pageviews</RawName>
        </Column>
        <Column>
          <Name>Avg. Time on Site</Name>
          <RawName>avg_session_time</RawName>
        </Column>
        <Column>
          <Name>% New Visits</Name>
          <RawName>percent_new_visitors</RawName>
        </Column>
        <Column>
          <Name>Bounce Rate</Name>
          <RawName>bounce_rate</RawName>
        </Column>
        <GroupName>Site Usage</GroupName>
      </Group>
      <Group>
        <Column>
          <Name>Shopping Cart</Name>
          <RawName>goal_conversion_rate_1</RawName>
        </Column>
        <Column>
          <Name>Studio Enterprise Page</Name>
          <RawName>goal_conversion_rate_2</RawName>
        </Column>
        <Column>
          <Name>Super Products List</Name>
          <RawName>goal_conversion_rate_3</RawName>
        </Column>
        <Column>
          <Name>Download Page</Name>
          <RawName>goal_conversion_rate_4</RawName>
        </Column>
        <Column>
          <Name>Goal Conversion Rate</Name>
          <RawName>goal_conversion_rate</RawName>
        </Column>
        <Column>
          <Name>Per Visit Goal Value</Name>
          <RawName>goal_value_per_visit</RawName>
        </Column>
        <GroupName>Goal Set 1</GroupName>
      </Group>
      <Group>
        <Column>
          <Name>Revenue</Name>
          <RawName>revenue</RawName>
        </Column>
        <Column>
          <Name>Transactions</Name>
          <RawName>transactions</RawName>
        </Column>
        <Column>
          <Name>Average Value</Name>
          <RawName>revenue_per_transaction</RawName>
        </Column>
        <Column>
          <Name>Ecommerce Conversion Rate</Name>
          <RawName>transactions_per_visit</RawName>
        </Column>
        <Column>
          <Name>Per Visit Value</Name>
          <RawName>revenue_per_visit</RawName>
        </Column>
        <GroupName>Ecommerce</GroupName>
      </Group>
      <AdvSegmentApplied>false</AdvSegmentApplied>
      <TableView>0</TableView>
      <Compare>false</Compare>
      <KeyColumnHeaders>
        <entry>
          <key>
            <KeyColumnHeader>country</KeyColumnHeader>
          </key>
          <value>
            <KeyColumnHeader>Country/Territory</KeyColumnHeader>
          </value>
        </entry>
      </KeyColumnHeaders>
    </TableFilter>
    <Dropdown id="ZoomControl">
      <LabelText>Detail Level:</LabelText>
      <Body>
        <PropertyBinding>segment_by</PropertyBinding>
        <Format>HORIZONTAL</Format>
        <Compare>false</Compare>
        <Section>
          <Item>
            <Text>City</Text>
            <Key>city</Key>
            <OptionalParam>0</OptionalParam>
            <Selectable>true</Selectable>
          </Item>
          <Item>
            <Text>Country/Territory</Text>
            <Key>country</Key>
            <OptionalParam>0</OptionalParam>
            <Selectable>false</Selectable>
          </Item>
          <Item>
            <Text>Sub Continent Region</Text>
            <Key>sub_continent_region</Key>
            <OptionalParam>0</OptionalParam>
            <Selectable>true</Selectable>
          </Item>
          <Item>
            <Text>Continent</Text>
            <Key>continent</Key>
            <OptionalParam>0</OptionalParam>
            <Selectable>true</Selectable>
          </Item>
        </Section>
      </Body>
      <Format>INLINE</Format>
      <SelectionText>Country/Territory</SelectionText>
      <Compare>false</Compare>
    </Dropdown>
    <Dropdown id="SegmentControl">
      <LabelText>Dimension:</LabelText>
      <Body>
        <PropertyBinding>geo_segmentation</PropertyBinding>
        <Format>VERTICAL</Format>
        <Compare>false</Compare>
        <Section>
          <Item>
            <Text>None</Text>
            <Key>none</Key>
            <OptionalParam>0</OptionalParam>
            <Selectable>false</Selectable>
          </Item>
        </Section>
        <Section>
          <Item>
            <Text>Source</Text>
            <Key>source</Key>
            <OptionalParam>0</OptionalParam>
            <Selectable>true</Selectable>
          </Item>
          <Item>
            <Text>Medium</Text>
            <Key>medium</Key>
            <OptionalParam>0</OptionalParam>
            <Selectable>true</Selectable>
          </Item>
          <Item>
            <Text>Campaign</Text>
            <Key>campaign</Key>
            <OptionalParam>0</OptionalParam>
            <Selectable>true</Selectable>
          </Item>
          <Item>
            <Text>Keyword</Text>
            <Key>keyword</Key>
            <OptionalParam>0</OptionalParam>
            <Selectable>true</Selectable>
          </Item>
          <Item>
            <Text>Ad Content</Text>
            <Key>content</Key>
            <OptionalParam>0</OptionalParam>
            <Selectable>true</Selectable>
          </Item>
          <Item>
            <Text>Visitor Type</Text>
            <Key>visitor_type</Key>
            <OptionalParam>0</OptionalParam>
            <Selectable>true</Selectable>
          </Item>
          <Item>
            <Text>Landing Page</Text>
            <Key>request_uri_1</Key>
            <OptionalParam>0</OptionalParam>
            <Selectable>true</Selectable>
          </Item>
        </Section>
        <Section>
          <Item>
            <Text>Language</Text>
            <Key>language</Key>
            <OptionalParam>0</OptionalParam>
            <Selectable>true</Selectable>
          </Item>
        </Section>
        <Section>
          <Item>
            <Text>Browser</Text>
            <Key>browser</Key>
            <OptionalParam>0</OptionalParam>
            <Selectable>true</Selectable>
          </Item>
          <Item>
            <Text>Operating System</Text>
            <Key>platform</Key>
            <OptionalParam>0</OptionalParam>
            <Selectable>true</Selectable>
          </Item>
          <Item>
            <Text>Screen Colors</Text>
            <Key>screen_colors</Key>
            <OptionalParam>0</OptionalParam>
            <Selectable>true</Selectable>
          </Item>
          <Item>
            <Text>Screen Resolution</Text>
            <Key>screen_resolution</Key>
            <OptionalParam>0</OptionalParam>
            <Selectable>true</Selectable>
          </Item>
          <Item>
            <Text>Flash Version</Text>
            <Key>flash_version</Key>
            <OptionalParam>0</OptionalParam>
            <Selectable>true</Selectable>
          </Item>
          <Item>
            <Text>Java Support</Text>
            <Key>java_enabled</Key>
            <OptionalParam>0</OptionalParam>
            <Selectable>true</Selectable>
          </Item>
        </Section>
        <Section>
          <Item>
            <Text>Service Provider</Text>
            <Key>organization</Key>
            <OptionalParam>0</OptionalParam>
            <Selectable>true</Selectable>
          </Item>
          <Item>
            <Text>Hostname</Text>
            <Key>hostname</Key>
            <OptionalParam>0</OptionalParam>
            <Selectable>true</Selectable>
          </Item>
          <Item>
            <Text>Connection Speed</Text>
            <Key>connection_speed</Key>
            <OptionalParam>0</OptionalParam>
            <Selectable>true</Selectable>
          </Item>
        </Section>
        <Section>
          <Item>
            <Text>User Defined Value</Text>
            <Key>user_defined_value</Key>
            <OptionalParam>0</OptionalParam>
            <Selectable>true</Selectable>
          </Item>
        </Section>
      </Body>
      <Format>POPUP</Format>
      <SelectionText>None</SelectionText>
      <Compare>false</Compare>
    </Dropdown>
  </Report>
</AnalyticsReport>
