<?xml version="1.0" ?>
<AnalyticsReport>
  <Report name="Mobile Devices">
    <Title id="Title">
      <CompareStateHelp>Compare report data to overall site performance and include report data when calculating site performance (% of Site Total or Site Avg.).</CompareStateHelp>
      <ShowDateControl>true</ShowDateControl>
      <PrimaryDateRange>September 11, 2010 - October 11, 2010</PrimaryDateRange>
      <Compare>false</Compare>
      <Sampled>false</Sampled>
      <CompareStateMsg>Site</CompareStateMsg>
      <Name>Mobile Devices</Name>
      <CompareMsg>Comparing to:</CompareMsg>
      <ProfileName>www.componentone.com</ProfileName>
      <FilterApplied>false</FilterApplied>
      <ShowCompare>true</ShowCompare>
      <DetailSeparator> | </DetailSeparator>
    </Title>
    <Graph id="Graph">
      <ShowHover>true</ShowHover>
      <Format>NORMAL</Format>
      <XAxisTitle>Day</XAxisTitle>
      <Compare>false</Compare>
      <XAxisLabel>Sep 13</XAxisLabel>
      <XAxisLabel>Sep 20</XAxisLabel>
      <XAxisLabel>Sep 27</XAxisLabel>
      <XAxisLabel>Oct 4</XAxisLabel>
      <XAxisLabel>Oct 11</XAxisLabel>
      <SelectedSerie>primary</SelectedSerie>
      <SelectedSerie>compare</SelectedSerie>
      <Serie>
        <SelectionStartIndex>0</SelectionStartIndex>
        <SelectionEndIndex>30</SelectionEndIndex>
        <Style>
          <Name>primary-blue</Name>
          <PointShape>CIRCLE</PointShape>
          <PointRadius>9</PointRadius>
          <FillColor>30668</FillColor>
          <FillAlpha>10</FillAlpha>
          <LineThickness>4</LineThickness>
          <ActiveColor>30668</ActiveColor>
          <InactiveColor>11654895</InactiveColor>
        </Style>
        <Id>primary</Id>
        <Label>Visits</Label>
        <YLabel>0</YLabel>
        <YLabel>25</YLabel>
        <YLabel>50</YLabel>
        <ValueCategory>visits</ValueCategory>
        <Point>
          <Value>30</Value>
          <Label>Saturday, September 11, 2010</Label>
        </Point>
        <Point>
          <Value>36</Value>
          <Label>Sunday, September 12, 2010</Label>
        </Point>
        <Point>
          <Value>32</Value>
          <Label>Monday, September 13, 2010</Label>
        </Point>
        <Point>
          <Value>35</Value>
          <Label>Tuesday, September 14, 2010</Label>
        </Point>
        <Point>
          <Value>38</Value>
          <Label>Wednesday, September 15, 2010</Label>
        </Point>
        <Point>
          <Value>23</Value>
          <Label>Thursday, September 16, 2010</Label>
        </Point>
        <Point>
          <Value>19</Value>
          <Label>Friday, September 17, 2010</Label>
        </Point>
        <Point>
          <Value>35</Value>
          <Label>Saturday, September 18, 2010</Label>
        </Point>
        <Point>
          <Value>26</Value>
          <Label>Sunday, September 19, 2010</Label>
        </Point>
        <Point>
          <Value>28</Value>
          <Label>Monday, September 20, 2010</Label>
        </Point>
        <Point>
          <Value>27</Value>
          <Label>Tuesday, September 21, 2010</Label>
        </Point>
        <Point>
          <Value>31</Value>
          <Label>Wednesday, September 22, 2010</Label>
        </Point>
        <Point>
          <Value>50</Value>
          <Label>Thursday, September 23, 2010</Label>
        </Point>
        <Point>
          <Value>25</Value>
          <Label>Friday, September 24, 2010</Label>
        </Point>
        <Point>
          <Value>29</Value>
          <Label>Saturday, September 25, 2010</Label>
        </Point>
        <Point>
          <Value>34</Value>
          <Label>Sunday, September 26, 2010</Label>
        </Point>
        <Point>
          <Value>24</Value>
          <Label>Monday, September 27, 2010</Label>
        </Point>
        <Point>
          <Value>35</Value>
          <Label>Tuesday, September 28, 2010</Label>
        </Point>
        <Point>
          <Value>37</Value>
          <Label>Wednesday, September 29, 2010</Label>
        </Point>
        <Point>
          <Value>43</Value>
          <Label>Thursday, September 30, 2010</Label>
        </Point>
        <Point>
          <Value>19</Value>
          <Label>Friday, October 1, 2010</Label>
        </Point>
        <Point>
          <Value>43</Value>
          <Label>Saturday, October 2, 2010</Label>
        </Point>
        <Point>
          <Value>44</Value>
          <Label>Sunday, October 3, 2010</Label>
        </Point>
        <Point>
          <Value>32</Value>
          <Label>Monday, October 4, 2010</Label>
        </Point>
        <Point>
          <Value>30</Value>
          <Label>Tuesday, October 5, 2010</Label>
        </Point>
        <Point>
          <Value>40</Value>
          <Label>Wednesday, October 6, 2010</Label>
        </Point>
        <Point>
          <Value>34</Value>
          <Label>Thursday, October 7, 2010</Label>
        </Point>
        <Point>
          <Value>29</Value>
          <Label>Friday, October 8, 2010</Label>
        </Point>
        <Point>
          <Value>40</Value>
          <Label>Saturday, October 9, 2010</Label>
        </Point>
        <Point>
          <Value>47</Value>
          <Label>Sunday, October 10, 2010</Label>
        </Point>
        <Point>
          <Value>43</Value>
          <Label>Monday, October 11, 2010</Label>
        </Point>
      </Serie>
    </Graph>
    <Narrative id="Narrative">
      <Line>
        <LineType>NORMAL</LineType>
        <Content>These mobile devices sent 1,038 visits via 9 operating systems</Content>
      </Line>
      <Type>NORMAL</Type>
      <Compare>false</Compare>
    </Narrative>
    <Scorecard id="Scorecard">
      <Group>
        <Item>
          <Name>Visits</Name>
          <HelpMsg>The number of visits to your site.</HelpMsg>
          <Active>true</Active>
          <Line>
            <Value>1,038</Value>
            <Label>% of Site Total:</Label>
            <DisplayValue>false</DisplayValue>
          </Line>
          <Line>
            <Value>111,320</Value>
            <Label>% of Site Total:</Label>
            <PercentChange>0.93%</PercentChange>
            <DisplayValue>false</DisplayValue>
          </Line>
          <InverseCompare>false</InverseCompare>
          <Segments>false</Segments>
          <Goal>false</Goal>
          <Sparkline>
            <PrimaryValue>30.0</PrimaryValue>
            <PrimaryValue>36.0</PrimaryValue>
            <PrimaryValue>32.0</PrimaryValue>
            <PrimaryValue>35.0</PrimaryValue>
            <PrimaryValue>38.0</PrimaryValue>
            <PrimaryValue>23.0</PrimaryValue>
            <PrimaryValue>19.0</PrimaryValue>
            <PrimaryValue>35.0</PrimaryValue>
            <PrimaryValue>26.0</PrimaryValue>
            <PrimaryValue>28.0</PrimaryValue>
            <PrimaryValue>27.0</PrimaryValue>
            <PrimaryValue>31.0</PrimaryValue>
            <PrimaryValue>50.0</PrimaryValue>
            <PrimaryValue>25.0</PrimaryValue>
            <PrimaryValue>29.0</PrimaryValue>
            <PrimaryValue>34.0</PrimaryValue>
            <PrimaryValue>24.0</PrimaryValue>
            <PrimaryValue>35.0</PrimaryValue>
            <PrimaryValue>37.0</PrimaryValue>
            <PrimaryValue>43.0</PrimaryValue>
            <PrimaryValue>19.0</PrimaryValue>
            <PrimaryValue>43.0</PrimaryValue>
            <PrimaryValue>44.0</PrimaryValue>
            <PrimaryValue>32.0</PrimaryValue>
            <PrimaryValue>30.0</PrimaryValue>
            <PrimaryValue>40.0</PrimaryValue>
            <PrimaryValue>34.0</PrimaryValue>
            <PrimaryValue>29.0</PrimaryValue>
            <PrimaryValue>40.0</PrimaryValue>
            <PrimaryValue>47.0</PrimaryValue>
            <PrimaryValue>43.0</PrimaryValue>
            <SparklineValueType>visits</SparklineValueType>
            <ControlForGraphMetric>true</ControlForGraphMetric>
            <Compare>false</Compare>
          </Sparkline>
        </Item>
        <Item>
          <Name>Pages/Visit</Name>
          <HelpMsg>The average number of pages viewed during a visit to your site. Repeated views of a single page are counted.</HelpMsg>
          <Active>true</Active>
          <Line>
            <Value>2.17</Value>
            <Label>Site Avg:</Label>
            <DisplayValue>true</DisplayValue>
          </Line>
          <Line>
            <Value>2.99</Value>
            <Label>Site Avg:</Label>
            <PercentChange>-27.19%</PercentChange>
            <DisplayValue>true</DisplayValue>
          </Line>
          <InverseCompare>false</InverseCompare>
          <Segments>false</Segments>
          <Goal>false</Goal>
          <Sparkline>
            <PrimaryValue>1.5333333333333334</PrimaryValue>
            <PrimaryValue>2.5555555555555554</PrimaryValue>
            <PrimaryValue>2.0625</PrimaryValue>
            <PrimaryValue>1.8571428571428572</PrimaryValue>
            <PrimaryValue>1.9736842105263157</PrimaryValue>
            <PrimaryValue>3.0869565217391304</PrimaryValue>
            <PrimaryValue>4.947368421052632</PrimaryValue>
            <PrimaryValue>2.0</PrimaryValue>
            <PrimaryValue>2.8076923076923075</PrimaryValue>
            <PrimaryValue>2.0714285714285716</PrimaryValue>
            <PrimaryValue>2.111111111111111</PrimaryValue>
            <PrimaryValue>2.225806451612903</PrimaryValue>
            <PrimaryValue>2.4</PrimaryValue>
            <PrimaryValue>2.04</PrimaryValue>
            <PrimaryValue>1.3103448275862069</PrimaryValue>
            <PrimaryValue>1.4705882352941178</PrimaryValue>
            <PrimaryValue>3.2916666666666665</PrimaryValue>
            <PrimaryValue>2.4571428571428573</PrimaryValue>
            <PrimaryValue>2.135135135135135</PrimaryValue>
            <PrimaryValue>2.116279069767442</PrimaryValue>
            <PrimaryValue>1.736842105263158</PrimaryValue>
            <PrimaryValue>2.0</PrimaryValue>
            <PrimaryValue>2.227272727272727</PrimaryValue>
            <PrimaryValue>1.9375</PrimaryValue>
            <PrimaryValue>1.4333333333333333</PrimaryValue>
            <PrimaryValue>2.425</PrimaryValue>
            <PrimaryValue>2.676470588235294</PrimaryValue>
            <PrimaryValue>1.8275862068965518</PrimaryValue>
            <PrimaryValue>2.225</PrimaryValue>
            <PrimaryValue>2.021276595744681</PrimaryValue>
            <PrimaryValue>1.8604651162790697</PrimaryValue>
            <SparklineValueType>pageviews/visits</SparklineValueType>
            <ControlForGraphMetric>true</ControlForGraphMetric>
            <Compare>false</Compare>
          </Sparkline>
        </Item>
        <Item>
          <Name>Avg. Time on Site</Name>
          <HelpMsg>The average duration of a visit to your site.</HelpMsg>
          <Active>true</Active>
          <Line>
            <Value>00:01:37</Value>
            <Label>Site Avg:</Label>
            <DisplayValue>true</DisplayValue>
          </Line>
          <Line>
            <Value>00:02:51</Value>
            <Label>Site Avg:</Label>
            <PercentChange>-42.91%</PercentChange>
            <DisplayValue>true</DisplayValue>
          </Line>
          <InverseCompare>false</InverseCompare>
          <Segments>false</Segments>
          <Goal>false</Goal>
          <Sparkline>
            <PrimaryValue>53.233333333333334</PrimaryValue>
            <PrimaryValue>114.66666666666667</PrimaryValue>
            <PrimaryValue>73.1875</PrimaryValue>
            <PrimaryValue>51.82857142857143</PrimaryValue>
            <PrimaryValue>70.10526315789474</PrimaryValue>
            <PrimaryValue>99.17391304347827</PrimaryValue>
            <PrimaryValue>267.89473684210526</PrimaryValue>
            <PrimaryValue>67.2</PrimaryValue>
            <PrimaryValue>244.26923076923077</PrimaryValue>
            <PrimaryValue>41.17857142857143</PrimaryValue>
            <PrimaryValue>52.7037037037037</PrimaryValue>
            <PrimaryValue>98.93548387096774</PrimaryValue>
            <PrimaryValue>134.36</PrimaryValue>
            <PrimaryValue>97.32</PrimaryValue>
            <PrimaryValue>14.96551724137931</PrimaryValue>
            <PrimaryValue>67.20588235294117</PrimaryValue>
            <PrimaryValue>178.33333333333334</PrimaryValue>
            <PrimaryValue>172.74285714285713</PrimaryValue>
            <PrimaryValue>87.35135135135135</PrimaryValue>
            <PrimaryValue>61.651162790697676</PrimaryValue>
            <PrimaryValue>71.73684210526316</PrimaryValue>
            <PrimaryValue>78.25581395348837</PrimaryValue>
            <PrimaryValue>102.9090909090909</PrimaryValue>
            <PrimaryValue>85.90625</PrimaryValue>
            <PrimaryValue>55.7</PrimaryValue>
            <PrimaryValue>99.675</PrimaryValue>
            <PrimaryValue>166.38235294117646</PrimaryValue>
            <PrimaryValue>117.6896551724138</PrimaryValue>
            <PrimaryValue>79.275</PrimaryValue>
            <PrimaryValue>93.76595744680851</PrimaryValue>
            <PrimaryValue>105.74418604651163</PrimaryValue>
            <SparklineValueType>visit_duration/visits</SparklineValueType>
            <ControlForGraphMetric>true</ControlForGraphMetric>
            <Compare>false</Compare>
          </Sparkline>
        </Item>
        <Item>
          <Name>% New Visits</Name>
          <HelpMsg>The percentage of visits by people who had never visited your site before.</HelpMsg>
          <Active>true</Active>
          <Line>
            <Value>85.55%</Value>
            <Label>Site Avg:</Label>
            <DisplayValue>true</DisplayValue>
          </Line>
          <Line>
            <Value>68.13%</Value>
            <Label>Site Avg:</Label>
            <PercentChange>25.56%</PercentChange>
            <DisplayValue>true</DisplayValue>
          </Line>
          <InverseCompare>false</InverseCompare>
          <Segments>false</Segments>
          <Goal>false</Goal>
          <Sparkline>
            <PrimaryValue>0.8666666666666667</PrimaryValue>
            <PrimaryValue>0.8055555555555556</PrimaryValue>
            <PrimaryValue>0.875</PrimaryValue>
            <PrimaryValue>0.9142857142857143</PrimaryValue>
            <PrimaryValue>0.8157894736842105</PrimaryValue>
            <PrimaryValue>0.7391304347826086</PrimaryValue>
            <PrimaryValue>0.8947368421052632</PrimaryValue>
            <PrimaryValue>0.9142857142857143</PrimaryValue>
            <PrimaryValue>0.7307692307692307</PrimaryValue>
            <PrimaryValue>0.7857142857142857</PrimaryValue>
            <PrimaryValue>0.9259259259259259</PrimaryValue>
            <PrimaryValue>0.7419354838709677</PrimaryValue>
            <PrimaryValue>0.88</PrimaryValue>
            <PrimaryValue>0.88</PrimaryValue>
            <PrimaryValue>0.9310344827586207</PrimaryValue>
            <PrimaryValue>0.9411764705882353</PrimaryValue>
            <PrimaryValue>0.75</PrimaryValue>
            <PrimaryValue>0.7142857142857143</PrimaryValue>
            <PrimaryValue>0.8648648648648649</PrimaryValue>
            <PrimaryValue>0.813953488372093</PrimaryValue>
            <PrimaryValue>0.8947368421052632</PrimaryValue>
            <PrimaryValue>0.8837209302325582</PrimaryValue>
            <PrimaryValue>0.8409090909090909</PrimaryValue>
            <PrimaryValue>0.84375</PrimaryValue>
            <PrimaryValue>0.8</PrimaryValue>
            <PrimaryValue>0.925</PrimaryValue>
            <PrimaryValue>0.8529411764705882</PrimaryValue>
            <PrimaryValue>0.896551724137931</PrimaryValue>
            <PrimaryValue>0.925</PrimaryValue>
            <PrimaryValue>0.9148936170212766</PrimaryValue>
            <PrimaryValue>0.8604651162790697</PrimaryValue>
            <SparklineValueType>new_visitors/visits</SparklineValueType>
            <ControlForGraphMetric>true</ControlForGraphMetric>
            <Compare>false</Compare>
          </Sparkline>
        </Item>
        <Item>
          <Name>Bounce Rate</Name>
          <HelpMsg>The percentage of single-page visits (i.e. visits in which the person left your site from the entrance page).</HelpMsg>
          <Active>true</Active>
          <Line>
            <Value>61.46%</Value>
            <Label>Site Avg:</Label>
            <DisplayValue>true</DisplayValue>
          </Line>
          <Line>
            <Value>51.16%</Value>
            <Label>Site Avg:</Label>
            <PercentChange>20.15%</PercentChange>
            <DisplayValue>true</DisplayValue>
          </Line>
          <InverseCompare>true</InverseCompare>
          <Segments>false</Segments>
          <Goal>false</Goal>
          <Sparkline>
            <PrimaryValue>0.8</PrimaryValue>
            <PrimaryValue>0.5555555555555556</PrimaryValue>
            <PrimaryValue>0.78125</PrimaryValue>
            <PrimaryValue>0.6857142857142857</PrimaryValue>
            <PrimaryValue>0.6578947368421053</PrimaryValue>
            <PrimaryValue>0.4782608695652174</PrimaryValue>
            <PrimaryValue>0.21052631578947367</PrimaryValue>
            <PrimaryValue>0.6857142857142857</PrimaryValue>
            <PrimaryValue>0.46153846153846156</PrimaryValue>
            <PrimaryValue>0.6071428571428571</PrimaryValue>
            <PrimaryValue>0.5185185185185185</PrimaryValue>
            <PrimaryValue>0.5483870967741935</PrimaryValue>
            <PrimaryValue>0.62</PrimaryValue>
            <PrimaryValue>0.44</PrimaryValue>
            <PrimaryValue>0.8275862068965517</PrimaryValue>
            <PrimaryValue>0.7647058823529411</PrimaryValue>
            <PrimaryValue>0.6666666666666666</PrimaryValue>
            <PrimaryValue>0.6571428571428571</PrimaryValue>
            <PrimaryValue>0.43243243243243246</PrimaryValue>
            <PrimaryValue>0.6744186046511628</PrimaryValue>
            <PrimaryValue>0.631578947368421</PrimaryValue>
            <PrimaryValue>0.7209302325581395</PrimaryValue>
            <PrimaryValue>0.5</PrimaryValue>
            <PrimaryValue>0.65625</PrimaryValue>
            <PrimaryValue>0.7333333333333333</PrimaryValue>
            <PrimaryValue>0.55</PrimaryValue>
            <PrimaryValue>0.6176470588235294</PrimaryValue>
            <PrimaryValue>0.6551724137931034</PrimaryValue>
            <PrimaryValue>0.525</PrimaryValue>
            <PrimaryValue>0.6382978723404256</PrimaryValue>
            <PrimaryValue>0.5581395348837209</PrimaryValue>
            <SparklineValueType>bounces/visits</SparklineValueType>
            <ControlForGraphMetric>true</ControlForGraphMetric>
            <Compare>false</Compare>
          </Sparkline>
        </Item>
        <Name>Site Usage</Name>
        <Active>true</Active>
      </Group>
      <Format>COMPACT</Format>
      <Compare>true</Compare>
    </Scorecard>
    <TabView id="TabView">
      <ViewSelected>0</ViewSelected>
      <LastTab>
        <GroupIndex>2</GroupIndex>
        <TabName>Ecommerce</TabName>
      </LastTab>
      <MaxNumberOfTabsShown>3</MaxNumberOfTabsShown>
      <PivotViewEnabled>true</PivotViewEnabled>
      <Compare>false</Compare>
      <TabSelected>0</TabSelected>
      <SegmentLocked>false</SegmentLocked>
      <TableViewsEnabled>true</TableViewsEnabled>
      <TrendingView>false</TrendingView>
    </TabView>
    <Table id="Table">
      <Column>
        <Name>Visits</Name>
        <Active>true</Active>
        <ScaleFactor>1</ScaleFactor>
        <RawName>visits</RawName>
        <Total>1,038</Total>
      </Column>
      <Column>
        <Name>Pages/Visit</Name>
        <Active>true</Active>
        <ScaleFactor>3.2059925093632957</ScaleFactor>
        <RawName>avg_pageviews</RawName>
        <Total>2.17</Total>
      </Column>
      <Column>
        <Name>Avg. Time on Site</Name>
        <Active>true</Active>
        <ScaleFactor>161.3</ScaleFactor>
        <RawName>avg_session_time</RawName>
        <Total>00:01:37</Total>
      </Column>
      <Column>
        <Name>% New Visits</Name>
        <Active>true</Active>
        <ScaleFactor>1.0</ScaleFactor>
        <RawName>percent_new_visitors</RawName>
        <Total>85.55%</Total>
      </Column>
      <Column>
        <Name>Bounce Rate</Name>
        <Active>true</Active>
        <ScaleFactor>1.0</ScaleFactor>
        <RawName>bounce_rate</RawName>
        <Total>61.46%</Total>
      </Column>
      <Column>
        <Name>Visits</Name>
        <Active>false</Active>
        <ScaleFactor>1</ScaleFactor>
        <RawName>visits</RawName>
      </Column>
      <Column>
        <Name>Shopping Cart</Name>
        <Active>false</Active>
        <ScaleFactor>1</ScaleFactor>
        <RawName>goal_conversion_rate_1</RawName>
      </Column>
      <Column>
        <Name>Studio Enterprise Page</Name>
        <Active>false</Active>
        <ScaleFactor>1</ScaleFactor>
        <RawName>goal_conversion_rate_2</RawName>
      </Column>
      <Column>
        <Name>Super Products List</Name>
        <Active>false</Active>
        <ScaleFactor>1</ScaleFactor>
        <RawName>goal_conversion_rate_3</RawName>
      </Column>
      <Column>
        <Name>Download Page</Name>
        <Active>false</Active>
        <ScaleFactor>1</ScaleFactor>
        <RawName>goal_conversion_rate_4</RawName>
      </Column>
      <Column>
        <Name>Goal Conversion Rate</Name>
        <Active>false</Active>
        <ScaleFactor>1</ScaleFactor>
        <RawName>goal_conversion_rate</RawName>
      </Column>
      <Column>
        <Name>Per Visit Goal Value</Name>
        <Active>false</Active>
        <ScaleFactor>1</ScaleFactor>
        <RawName>goal_value_per_visit</RawName>
      </Column>
      <Column>
        <Name>Visits</Name>
        <Active>false</Active>
        <ScaleFactor>1</ScaleFactor>
        <RawName>visits</RawName>
      </Column>
      <Column>
        <Name>Revenue</Name>
        <Active>false</Active>
        <ScaleFactor>1</ScaleFactor>
        <RawName>revenue</RawName>
      </Column>
      <Column>
        <Name>Transactions</Name>
        <Active>false</Active>
        <ScaleFactor>1</ScaleFactor>
        <RawName>transactions</RawName>
      </Column>
      <Column>
        <Name>Average Value</Name>
        <Active>false</Active>
        <ScaleFactor>1</ScaleFactor>
        <RawName>revenue_per_transaction</RawName>
      </Column>
      <Column>
        <Name>Ecommerce Conversion Rate</Name>
        <Active>false</Active>
        <ScaleFactor>1</ScaleFactor>
        <RawName>transactions_per_visit</RawName>
      </Column>
      <Column>
        <Name>Per Visit Value</Name>
        <Active>false</Active>
        <ScaleFactor>1</ScaleFactor>
        <RawName>revenue_per_visit</RawName>
      </Column>
      <ColumnShow>0</ColumnShow>
      <ZippyEnabled>false</ZippyEnabled>
      <Row>
        <Drilldown>true</Drilldown>
        <Cell>
          <Active>true</Active>
          <InverseCompare>false</InverseCompare>
          <Content>
            <Value>422</Value>
          </Content>
        </Cell>
        <Cell>
          <Active>true</Active>
          <InverseCompare>false</InverseCompare>
          <Content>
            <Value>1.56</Value>
          </Content>
        </Cell>
        <Cell>
          <Active>true</Active>
          <InverseCompare>false</InverseCompare>
          <Content>
            <Value>00:00:52</Value>
          </Content>
        </Cell>
        <Cell>
          <Active>true</Active>
          <InverseCompare>false</InverseCompare>
          <Content>
            <Value>87.91%</Value>
          </Content>
        </Cell>
        <Cell>
          <Active>true</Active>
          <InverseCompare>true</InverseCompare>
          <Content>
            <Value>76.78%</Value>
          </Content>
        </Cell>
        <HiddenCell>
          <Active>true</Active>
          <InverseCompare>false</InverseCompare>
          <Content>
            <Value>422</Value>
          </Content>
        </HiddenCell>
        <HiddenCell>
          <Active>true</Active>
          <InverseCompare>false</InverseCompare>
          <Content>
            <Value>0.00%</Value>
          </Content>
        </HiddenCell>
        <HiddenCell>
          <Active>true</Active>
          <InverseCompare>false</InverseCompare>
          <Content>
            <Value>3.08%</Value>
          </Content>
        </HiddenCell>
        <HiddenCell>
          <Active>true</Active>
          <InverseCompare>false</InverseCompare>
          <Content>
            <Value>80.09%</Value>
          </Content>
        </HiddenCell>
        <HiddenCell>
          <Active>true</Active>
          <InverseCompare>false</InverseCompare>
          <Content>
            <Value>0.00%</Value>
          </Content>
        </HiddenCell>
        <HiddenCell>
          <Active>true</Active>
          <InverseCompare>false</InverseCompare>
          <Content>
            <Value>83.18%</Value>
          </Content>
        </HiddenCell>
        <HiddenCell>
          <Active>true</Active>
          <InverseCompare>false</InverseCompare>
          <Content>
            <Value>$0.83</Value>
          </Content>
        </HiddenCell>
        <HiddenCell>
          <Active>true</Active>
          <InverseCompare>false</InverseCompare>
          <Content>
            <Value>422</Value>
          </Content>
        </HiddenCell>
        <HiddenCell>
          <Active>true</Active>
          <InverseCompare>false</InverseCompare>
          <Content>
            <Value>$0.00</Value>
          </Content>
        </HiddenCell>
        <HiddenCell>
          <Active>true</Active>
          <InverseCompare>false</InverseCompare>
          <Content>
            <Value>0</Value>
          </Content>
        </HiddenCell>
        <HiddenCell>
          <Active>true</Active>
          <InverseCompare>false</InverseCompare>
          <Content>
            <Value>$0.00</Value>
          </Content>
        </HiddenCell>
        <HiddenCell>
          <Active>true</Active>
          <InverseCompare>false</InverseCompare>
          <Content>
            <Value>0.00%</Value>
          </Content>
        </HiddenCell>
        <HiddenCell>
          <Active>true</Active>
          <InverseCompare>false</InverseCompare>
          <Content>
            <Value>$0.00</Value>
          </Content>
        </HiddenCell>
        <RowLabel>1</RowLabel>
        <DrilldownId>iPhone</DrilldownId>
        <PrimaryKey>iPhone</PrimaryKey>
        <Key>iPhone</Key>
      </Row>
      <Row>
        <Drilldown>true</Drilldown>
        <Cell>
          <Active>true</Active>
          <InverseCompare>false</InverseCompare>
          <Content>
            <Value>267</Value>
          </Content>
        </Cell>
        <Cell>
          <Active>true</Active>
          <InverseCompare>false</InverseCompare>
          <Content>
            <Value>3.21</Value>
          </Content>
        </Cell>
        <Cell>
          <Active>true</Active>
          <InverseCompare>false</InverseCompare>
          <Content>
            <Value>00:02:27</Value>
          </Content>
        </Cell>
        <Cell>
          <Active>true</Active>
          <InverseCompare>false</InverseCompare>
          <Content>
            <Value>76.40%</Value>
          </Content>
        </Cell>
        <Cell>
          <Active>true</Active>
          <InverseCompare>true</InverseCompare>
          <Content>
            <Value>43.45%</Value>
          </Content>
        </Cell>
        <HiddenCell>
          <Active>true</Active>
          <InverseCompare>false</InverseCompare>
          <Content>
            <Value>267</Value>
          </Content>
        </HiddenCell>
        <HiddenCell>
          <Active>true</Active>
          <InverseCompare>false</InverseCompare>
          <Content>
            <Value>0.00%</Value>
          </Content>
        </HiddenCell>
        <HiddenCell>
          <Active>true</Active>
          <InverseCompare>false</InverseCompare>
          <Content>
            <Value>11.61%</Value>
          </Content>
        </HiddenCell>
        <HiddenCell>
          <Active>true</Active>
          <InverseCompare>false</InverseCompare>
          <Content>
            <Value>88.01%</Value>
          </Content>
        </HiddenCell>
        <HiddenCell>
          <Active>true</Active>
          <InverseCompare>false</InverseCompare>
          <Content>
            <Value>0.00%</Value>
          </Content>
        </HiddenCell>
        <HiddenCell>
          <Active>true</Active>
          <InverseCompare>false</InverseCompare>
          <Content>
            <Value>99.63%</Value>
          </Content>
        </HiddenCell>
        <HiddenCell>
          <Active>true</Active>
          <InverseCompare>false</InverseCompare>
          <Content>
            <Value>$1.00</Value>
          </Content>
        </HiddenCell>
        <HiddenCell>
          <Active>true</Active>
          <InverseCompare>false</InverseCompare>
          <Content>
            <Value>267</Value>
          </Content>
        </HiddenCell>
        <HiddenCell>
          <Active>true</Active>
          <InverseCompare>false</InverseCompare>
          <Content>
            <Value>$0.00</Value>
          </Content>
        </HiddenCell>
        <HiddenCell>
          <Active>true</Active>
          <InverseCompare>false</InverseCompare>
          <Content>
            <Value>0</Value>
          </Content>
        </HiddenCell>
        <HiddenCell>
          <Active>true</Active>
          <InverseCompare>false</InverseCompare>
          <Content>
            <Value>$0.00</Value>
          </Content>
        </HiddenCell>
        <HiddenCell>
          <Active>true</Active>
          <InverseCompare>false</InverseCompare>
          <Content>
            <Value>0.00%</Value>
          </Content>
        </HiddenCell>
        <HiddenCell>
          <Active>true</Active>
          <InverseCompare>false</InverseCompare>
          <Content>
            <Value>$0.00</Value>
          </Content>
        </HiddenCell>
        <RowLabel>2</RowLabel>
        <DrilldownId>iPad</DrilldownId>
        <PrimaryKey>iPad</PrimaryKey>
        <Key>iPad</Key>
      </Row>
      <Row>
        <Drilldown>true</Drilldown>
        <Cell>
          <Active>true</Active>
          <InverseCompare>false</InverseCompare>
          <Content>
            <Value>152</Value>
          </Content>
        </Cell>
        <Cell>
          <Active>true</Active>
          <InverseCompare>false</InverseCompare>
          <Content>
            <Value>2.22</Value>
          </Content>
        </Cell>
        <Cell>
          <Active>true</Active>
          <InverseCompare>false</InverseCompare>
          <Content>
            <Value>00:01:58</Value>
          </Content>
        </Cell>
        <Cell>
          <Active>true</Active>
          <InverseCompare>false</InverseCompare>
          <Content>
            <Value>84.87%</Value>
          </Content>
        </Cell>
        <Cell>
          <Active>true</Active>
          <InverseCompare>true</InverseCompare>
          <Content>
            <Value>58.55%</Value>
          </Content>
        </Cell>
        <HiddenCell>
          <Active>true</Active>
          <InverseCompare>false</InverseCompare>
          <Content>
            <Value>152</Value>
          </Content>
        </HiddenCell>
        <HiddenCell>
          <Active>true</Active>
          <InverseCompare>false</InverseCompare>
          <Content>
            <Value>0.00%</Value>
          </Content>
        </HiddenCell>
        <HiddenCell>
          <Active>true</Active>
          <InverseCompare>false</InverseCompare>
          <Content>
            <Value>7.24%</Value>
          </Content>
        </HiddenCell>
        <HiddenCell>
          <Active>true</Active>
          <InverseCompare>false</InverseCompare>
          <Content>
            <Value>84.87%</Value>
          </Content>
        </HiddenCell>
        <HiddenCell>
          <Active>true</Active>
          <InverseCompare>false</InverseCompare>
          <Content>
            <Value>0.00%</Value>
          </Content>
        </HiddenCell>
        <HiddenCell>
          <Active>true</Active>
          <InverseCompare>false</InverseCompare>
          <Content>
            <Value>92.11%</Value>
          </Content>
        </HiddenCell>
        <HiddenCell>
          <Active>true</Active>
          <InverseCompare>false</InverseCompare>
          <Content>
            <Value>$0.92</Value>
          </Content>
        </HiddenCell>
        <HiddenCell>
          <Active>true</Active>
          <InverseCompare>false</InverseCompare>
          <Content>
            <Value>152</Value>
          </Content>
        </HiddenCell>
        <HiddenCell>
          <Active>true</Active>
          <InverseCompare>false</InverseCompare>
          <Content>
            <Value>$0.00</Value>
          </Content>
        </HiddenCell>
        <HiddenCell>
          <Active>true</Active>
          <InverseCompare>false</InverseCompare>
          <Content>
            <Value>0</Value>
          </Content>
        </HiddenCell>
        <HiddenCell>
          <Active>true</Active>
          <InverseCompare>false</InverseCompare>
          <Content>
            <Value>$0.00</Value>
          </Content>
        </HiddenCell>
        <HiddenCell>
          <Active>true</Active>
          <InverseCompare>false</InverseCompare>
          <Content>
            <Value>0.00%</Value>
          </Content>
        </HiddenCell>
        <HiddenCell>
          <Active>true</Active>
          <InverseCompare>false</InverseCompare>
          <Content>
            <Value>$0.00</Value>
          </Content>
        </HiddenCell>
        <RowLabel>3</RowLabel>
        <DrilldownId>Android</DrilldownId>
        <PrimaryKey>Android</PrimaryKey>
        <Key>Android</Key>
      </Row>
      <Row>
        <Drilldown>true</Drilldown>
        <Cell>
          <Active>true</Active>
          <InverseCompare>false</InverseCompare>
          <Content>
            <Value>99</Value>
          </Content>
        </Cell>
        <Cell>
          <Active>true</Active>
          <InverseCompare>false</InverseCompare>
          <Content>
            <Value>2.59</Value>
          </Content>
        </Cell>
        <Cell>
          <Active>true</Active>
          <InverseCompare>false</InverseCompare>
          <Content>
            <Value>00:02:33</Value>
          </Content>
        </Cell>
        <Cell>
          <Active>true</Active>
          <InverseCompare>false</InverseCompare>
          <Content>
            <Value>100.00%</Value>
          </Content>
        </Cell>
        <Cell>
          <Active>true</Active>
          <InverseCompare>true</InverseCompare>
          <Content>
            <Value>40.40%</Value>
          </Content>
        </Cell>
        <HiddenCell>
          <Active>true</Active>
          <InverseCompare>false</InverseCompare>
          <Content>
            <Value>99</Value>
          </Content>
        </HiddenCell>
        <HiddenCell>
          <Active>true</Active>
          <InverseCompare>false</InverseCompare>
          <Content>
            <Value>0.00%</Value>
          </Content>
        </HiddenCell>
        <HiddenCell>
          <Active>true</Active>
          <InverseCompare>false</InverseCompare>
          <Content>
            <Value>6.06%</Value>
          </Content>
        </HiddenCell>
        <HiddenCell>
          <Active>true</Active>
          <InverseCompare>false</InverseCompare>
          <Content>
            <Value>91.92%</Value>
          </Content>
        </HiddenCell>
        <HiddenCell>
          <Active>true</Active>
          <InverseCompare>false</InverseCompare>
          <Content>
            <Value>0.00%</Value>
          </Content>
        </HiddenCell>
        <HiddenCell>
          <Active>true</Active>
          <InverseCompare>false</InverseCompare>
          <Content>
            <Value>97.98%</Value>
          </Content>
        </HiddenCell>
        <HiddenCell>
          <Active>true</Active>
          <InverseCompare>false</InverseCompare>
          <Content>
            <Value>$0.98</Value>
          </Content>
        </HiddenCell>
        <HiddenCell>
          <Active>true</Active>
          <InverseCompare>false</InverseCompare>
          <Content>
            <Value>99</Value>
          </Content>
        </HiddenCell>
        <HiddenCell>
          <Active>true</Active>
          <InverseCompare>false</InverseCompare>
          <Content>
            <Value>$0.00</Value>
          </Content>
        </HiddenCell>
        <HiddenCell>
          <Active>true</Active>
          <InverseCompare>false</InverseCompare>
          <Content>
            <Value>0</Value>
          </Content>
        </HiddenCell>
        <HiddenCell>
          <Active>true</Active>
          <InverseCompare>false</InverseCompare>
          <Content>
            <Value>$0.00</Value>
          </Content>
        </HiddenCell>
        <HiddenCell>
          <Active>true</Active>
          <InverseCompare>false</InverseCompare>
          <Content>
            <Value>0.00%</Value>
          </Content>
        </HiddenCell>
        <HiddenCell>
          <Active>true</Active>
          <InverseCompare>false</InverseCompare>
          <Content>
            <Value>$0.00</Value>
          </Content>
        </HiddenCell>
        <RowLabel>4</RowLabel>
        <DrilldownId>SymbianOS</DrilldownId>
        <PrimaryKey>SymbianOS</PrimaryKey>
        <Key>SymbianOS</Key>
      </Row>
      <Row>
        <Drilldown>true</Drilldown>
        <Cell>
          <Active>true</Active>
          <InverseCompare>false</InverseCompare>
          <Content>
            <Value>65</Value>
          </Content>
        </Cell>
        <Cell>
          <Active>true</Active>
          <InverseCompare>false</InverseCompare>
          <Content>
            <Value>1.54</Value>
          </Content>
        </Cell>
        <Cell>
          <Active>true</Active>
          <InverseCompare>false</InverseCompare>
          <Content>
            <Value>00:01:07</Value>
          </Content>
        </Cell>
        <Cell>
          <Active>true</Active>
          <InverseCompare>false</InverseCompare>
          <Content>
            <Value>84.62%</Value>
          </Content>
        </Cell>
        <Cell>
          <Active>true</Active>
          <InverseCompare>true</InverseCompare>
          <Content>
            <Value>73.85%</Value>
          </Content>
        </Cell>
        <HiddenCell>
          <Active>true</Active>
          <InverseCompare>false</InverseCompare>
          <Content>
            <Value>65</Value>
          </Content>
        </HiddenCell>
        <HiddenCell>
          <Active>true</Active>
          <InverseCompare>false</InverseCompare>
          <Content>
            <Value>0.00%</Value>
          </Content>
        </HiddenCell>
        <HiddenCell>
          <Active>true</Active>
          <InverseCompare>false</InverseCompare>
          <Content>
            <Value>4.62%</Value>
          </Content>
        </HiddenCell>
        <HiddenCell>
          <Active>true</Active>
          <InverseCompare>false</InverseCompare>
          <Content>
            <Value>89.23%</Value>
          </Content>
        </HiddenCell>
        <HiddenCell>
          <Active>true</Active>
          <InverseCompare>false</InverseCompare>
          <Content>
            <Value>0.00%</Value>
          </Content>
        </HiddenCell>
        <HiddenCell>
          <Active>true</Active>
          <InverseCompare>false</InverseCompare>
          <Content>
            <Value>93.85%</Value>
          </Content>
        </HiddenCell>
        <HiddenCell>
          <Active>true</Active>
          <InverseCompare>false</InverseCompare>
          <Content>
            <Value>$0.94</Value>
          </Content>
        </HiddenCell>
        <HiddenCell>
          <Active>true</Active>
          <InverseCompare>false</InverseCompare>
          <Content>
            <Value>65</Value>
          </Content>
        </HiddenCell>
        <HiddenCell>
          <Active>true</Active>
          <InverseCompare>false</InverseCompare>
          <Content>
            <Value>$0.00</Value>
          </Content>
        </HiddenCell>
        <HiddenCell>
          <Active>true</Active>
          <InverseCompare>false</InverseCompare>
          <Content>
            <Value>0</Value>
          </Content>
        </HiddenCell>
        <HiddenCell>
          <Active>true</Active>
          <InverseCompare>false</InverseCompare>
          <Content>
            <Value>$0.00</Value>
          </Content>
        </HiddenCell>
        <HiddenCell>
          <Active>true</Active>
          <InverseCompare>false</InverseCompare>
          <Content>
            <Value>0.00%</Value>
          </Content>
        </HiddenCell>
        <HiddenCell>
          <Active>true</Active>
          <InverseCompare>false</InverseCompare>
          <Content>
            <Value>$0.00</Value>
          </Content>
        </HiddenCell>
        <RowLabel>5</RowLabel>
        <DrilldownId>iPod</DrilldownId>
        <PrimaryKey>iPod</PrimaryKey>
        <Key>iPod</Key>
      </Row>
      <Row>
        <Drilldown>true</Drilldown>
        <Cell>
          <Active>true</Active>
          <InverseCompare>false</InverseCompare>
          <Content>
            <Value>18</Value>
          </Content>
        </Cell>
        <Cell>
          <Active>true</Active>
          <InverseCompare>false</InverseCompare>
          <Content>
            <Value>1.39</Value>
          </Content>
        </Cell>
        <Cell>
          <Active>true</Active>
          <InverseCompare>false</InverseCompare>
          <Content>
            <Value>00:00:44</Value>
          </Content>
        </Cell>
        <Cell>
          <Active>true</Active>
          <InverseCompare>false</InverseCompare>
          <Content>
            <Value>88.89%</Value>
          </Content>
        </Cell>
        <Cell>
          <Active>true</Active>
          <InverseCompare>true</InverseCompare>
          <Content>
            <Value>66.67%</Value>
          </Content>
        </Cell>
        <HiddenCell>
          <Active>true</Active>
          <InverseCompare>false</InverseCompare>
          <Content>
            <Value>18</Value>
          </Content>
        </HiddenCell>
        <HiddenCell>
          <Active>true</Active>
          <InverseCompare>false</InverseCompare>
          <Content>
            <Value>0.00%</Value>
          </Content>
        </HiddenCell>
        <HiddenCell>
          <Active>true</Active>
          <InverseCompare>false</InverseCompare>
          <Content>
            <Value>0.00%</Value>
          </Content>
        </HiddenCell>
        <HiddenCell>
          <Active>true</Active>
          <InverseCompare>false</InverseCompare>
          <Content>
            <Value>83.33%</Value>
          </Content>
        </HiddenCell>
        <HiddenCell>
          <Active>true</Active>
          <InverseCompare>false</InverseCompare>
          <Content>
            <Value>0.00%</Value>
          </Content>
        </HiddenCell>
        <HiddenCell>
          <Active>true</Active>
          <InverseCompare>false</InverseCompare>
          <Content>
            <Value>83.33%</Value>
          </Content>
        </HiddenCell>
        <HiddenCell>
          <Active>true</Active>
          <InverseCompare>false</InverseCompare>
          <Content>
            <Value>$0.83</Value>
          </Content>
        </HiddenCell>
        <HiddenCell>
          <Active>true</Active>
          <InverseCompare>false</InverseCompare>
          <Content>
            <Value>18</Value>
          </Content>
        </HiddenCell>
        <HiddenCell>
          <Active>true</Active>
          <InverseCompare>false</InverseCompare>
          <Content>
            <Value>$0.00</Value>
          </Content>
        </HiddenCell>
        <HiddenCell>
          <Active>true</Active>
          <InverseCompare>false</InverseCompare>
          <Content>
            <Value>0</Value>
          </Content>
        </HiddenCell>
        <HiddenCell>
          <Active>true</Active>
          <InverseCompare>false</InverseCompare>
          <Content>
            <Value>$0.00</Value>
          </Content>
        </HiddenCell>
        <HiddenCell>
          <Active>true</Active>
          <InverseCompare>false</InverseCompare>
          <Content>
            <Value>0.00%</Value>
          </Content>
        </HiddenCell>
        <HiddenCell>
          <Active>true</Active>
          <InverseCompare>false</InverseCompare>
          <Content>
            <Value>$0.00</Value>
          </Content>
        </HiddenCell>
        <RowLabel>6</RowLabel>
        <DrilldownId>BlackBerry</DrilldownId>
        <PrimaryKey>BlackBerry</PrimaryKey>
        <Key>BlackBerry</Key>
      </Row>
      <Row>
        <Drilldown>true</Drilldown>
        <Cell>
          <Active>true</Active>
          <InverseCompare>false</InverseCompare>
          <Content>
            <Value>10</Value>
          </Content>
        </Cell>
        <Cell>
          <Active>true</Active>
          <InverseCompare>false</InverseCompare>
          <Content>
            <Value>1.70</Value>
          </Content>
        </Cell>
        <Cell>
          <Active>true</Active>
          <InverseCompare>false</InverseCompare>
          <Content>
            <Value>00:02:41</Value>
          </Content>
        </Cell>
        <Cell>
          <Active>true</Active>
          <InverseCompare>false</InverseCompare>
          <Content>
            <Value>90.00%</Value>
          </Content>
        </Cell>
        <Cell>
          <Active>true</Active>
          <InverseCompare>true</InverseCompare>
          <Content>
            <Value>70.00%</Value>
          </Content>
        </Cell>
        <HiddenCell>
          <Active>true</Active>
          <InverseCompare>false</InverseCompare>
          <Content>
            <Value>10</Value>
          </Content>
        </HiddenCell>
        <HiddenCell>
          <Active>true</Active>
          <InverseCompare>false</InverseCompare>
          <Content>
            <Value>0.00%</Value>
          </Content>
        </HiddenCell>
        <HiddenCell>
          <Active>true</Active>
          <InverseCompare>false</InverseCompare>
          <Content>
            <Value>0.00%</Value>
          </Content>
        </HiddenCell>
        <HiddenCell>
          <Active>true</Active>
          <InverseCompare>false</InverseCompare>
          <Content>
            <Value>90.00%</Value>
          </Content>
        </HiddenCell>
        <HiddenCell>
          <Active>true</Active>
          <InverseCompare>false</InverseCompare>
          <Content>
            <Value>0.00%</Value>
          </Content>
        </HiddenCell>
        <HiddenCell>
          <Active>true</Active>
          <InverseCompare>false</InverseCompare>
          <Content>
            <Value>90.00%</Value>
          </Content>
        </HiddenCell>
        <HiddenCell>
          <Active>true</Active>
          <InverseCompare>false</InverseCompare>
          <Content>
            <Value>$0.90</Value>
          </Content>
        </HiddenCell>
        <HiddenCell>
          <Active>true</Active>
          <InverseCompare>false</InverseCompare>
          <Content>
            <Value>10</Value>
          </Content>
        </HiddenCell>
        <HiddenCell>
          <Active>true</Active>
          <InverseCompare>false</InverseCompare>
          <Content>
            <Value>$0.00</Value>
          </Content>
        </HiddenCell>
        <HiddenCell>
          <Active>true</Active>
          <InverseCompare>false</InverseCompare>
          <Content>
            <Value>0</Value>
          </Content>
        </HiddenCell>
        <HiddenCell>
          <Active>true</Active>
          <InverseCompare>false</InverseCompare>
          <Content>
            <Value>$0.00</Value>
          </Content>
        </HiddenCell>
        <HiddenCell>
          <Active>true</Active>
          <InverseCompare>false</InverseCompare>
          <Content>
            <Value>0.00%</Value>
          </Content>
        </HiddenCell>
        <HiddenCell>
          <Active>true</Active>
          <InverseCompare>false</InverseCompare>
          <Content>
            <Value>$0.00</Value>
          </Content>
        </HiddenCell>
        <RowLabel>7</RowLabel>
        <DrilldownId>Windows</DrilldownId>
        <PrimaryKey>Windows</PrimaryKey>
        <Key>Windows</Key>
      </Row>
      <Row>
        <Drilldown>true</Drilldown>
        <Cell>
          <Active>true</Active>
          <InverseCompare>false</InverseCompare>
          <Content>
            <Value>4</Value>
          </Content>
        </Cell>
        <Cell>
          <Active>true</Active>
          <InverseCompare>false</InverseCompare>
          <Content>
            <Value>1.75</Value>
          </Content>
        </Cell>
        <Cell>
          <Active>true</Active>
          <InverseCompare>false</InverseCompare>
          <Content>
            <Value>00:01:09</Value>
          </Content>
        </Cell>
        <Cell>
          <Active>true</Active>
          <InverseCompare>false</InverseCompare>
          <Content>
            <Value>100.00%</Value>
          </Content>
        </Cell>
        <Cell>
          <Active>true</Active>
          <InverseCompare>true</InverseCompare>
          <Content>
            <Value>25.00%</Value>
          </Content>
        </Cell>
        <HiddenCell>
          <Active>true</Active>
          <InverseCompare>false</InverseCompare>
          <Content>
            <Value>4</Value>
          </Content>
        </HiddenCell>
        <HiddenCell>
          <Active>true</Active>
          <InverseCompare>false</InverseCompare>
          <Content>
            <Value>0.00%</Value>
          </Content>
        </HiddenCell>
        <HiddenCell>
          <Active>true</Active>
          <InverseCompare>false</InverseCompare>
          <Content>
            <Value>0.00%</Value>
          </Content>
        </HiddenCell>
        <HiddenCell>
          <Active>true</Active>
          <InverseCompare>false</InverseCompare>
          <Content>
            <Value>75.00%</Value>
          </Content>
        </HiddenCell>
        <HiddenCell>
          <Active>true</Active>
          <InverseCompare>false</InverseCompare>
          <Content>
            <Value>0.00%</Value>
          </Content>
        </HiddenCell>
        <HiddenCell>
          <Active>true</Active>
          <InverseCompare>false</InverseCompare>
          <Content>
            <Value>75.00%</Value>
          </Content>
        </HiddenCell>
        <HiddenCell>
          <Active>true</Active>
          <InverseCompare>false</InverseCompare>
          <Content>
            <Value>$0.75</Value>
          </Content>
        </HiddenCell>
        <HiddenCell>
          <Active>true</Active>
          <InverseCompare>false</InverseCompare>
          <Content>
            <Value>4</Value>
          </Content>
        </HiddenCell>
        <HiddenCell>
          <Active>true</Active>
          <InverseCompare>false</InverseCompare>
          <Content>
            <Value>$0.00</Value>
          </Content>
        </HiddenCell>
        <HiddenCell>
          <Active>true</Active>
          <InverseCompare>false</InverseCompare>
          <Content>
            <Value>0</Value>
          </Content>
        </HiddenCell>
        <HiddenCell>
          <Active>true</Active>
          <InverseCompare>false</InverseCompare>
          <Content>
            <Value>$0.00</Value>
          </Content>
        </HiddenCell>
        <HiddenCell>
          <Active>true</Active>
          <InverseCompare>false</InverseCompare>
          <Content>
            <Value>0.00%</Value>
          </Content>
        </HiddenCell>
        <HiddenCell>
          <Active>true</Active>
          <InverseCompare>false</InverseCompare>
          <Content>
            <Value>$0.00</Value>
          </Content>
        </HiddenCell>
        <RowLabel>8</RowLabel>
        <DrilldownId>Sony</DrilldownId>
        <PrimaryKey>Sony</PrimaryKey>
        <Key>Sony</Key>
      </Row>
      <Row>
        <Drilldown>true</Drilldown>
        <Cell>
          <Active>true</Active>
          <InverseCompare>false</InverseCompare>
          <Content>
            <Value>1</Value>
          </Content>
        </Cell>
        <Cell>
          <Active>true</Active>
          <InverseCompare>false</InverseCompare>
          <Content>
            <Value>1.00</Value>
          </Content>
        </Cell>
        <Cell>
          <Active>true</Active>
          <InverseCompare>false</InverseCompare>
          <Content>
            <Value>00:00:00</Value>
          </Content>
        </Cell>
        <Cell>
          <Active>true</Active>
          <InverseCompare>false</InverseCompare>
          <Content>
            <Value>100.00%</Value>
          </Content>
        </Cell>
        <Cell>
          <Active>true</Active>
          <InverseCompare>true</InverseCompare>
          <Content>
            <Value>100.00%</Value>
          </Content>
        </Cell>
        <HiddenCell>
          <Active>true</Active>
          <InverseCompare>false</InverseCompare>
          <Content>
            <Value>1</Value>
          </Content>
        </HiddenCell>
        <HiddenCell>
          <Active>true</Active>
          <InverseCompare>false</InverseCompare>
          <Content>
            <Value>0.00%</Value>
          </Content>
        </HiddenCell>
        <HiddenCell>
          <Active>true</Active>
          <InverseCompare>false</InverseCompare>
          <Content>
            <Value>0.00%</Value>
          </Content>
        </HiddenCell>
        <HiddenCell>
          <Active>true</Active>
          <InverseCompare>false</InverseCompare>
          <Content>
            <Value>100.00%</Value>
          </Content>
        </HiddenCell>
        <HiddenCell>
          <Active>true</Active>
          <InverseCompare>false</InverseCompare>
          <Content>
            <Value>0.00%</Value>
          </Content>
        </HiddenCell>
        <HiddenCell>
          <Active>true</Active>
          <InverseCompare>false</InverseCompare>
          <Content>
            <Value>100.00%</Value>
          </Content>
        </HiddenCell>
        <HiddenCell>
          <Active>true</Active>
          <InverseCompare>false</InverseCompare>
          <Content>
            <Value>$1.00</Value>
          </Content>
        </HiddenCell>
        <HiddenCell>
          <Active>true</Active>
          <InverseCompare>false</InverseCompare>
          <Content>
            <Value>1</Value>
          </Content>
        </HiddenCell>
        <HiddenCell>
          <Active>true</Active>
          <InverseCompare>false</InverseCompare>
          <Content>
            <Value>$0.00</Value>
          </Content>
        </HiddenCell>
        <HiddenCell>
          <Active>true</Active>
          <InverseCompare>false</InverseCompare>
          <Content>
            <Value>0</Value>
          </Content>
        </HiddenCell>
        <HiddenCell>
          <Active>true</Active>
          <InverseCompare>false</InverseCompare>
          <Content>
            <Value>$0.00</Value>
          </Content>
        </HiddenCell>
        <HiddenCell>
          <Active>true</Active>
          <InverseCompare>false</InverseCompare>
          <Content>
            <Value>0.00%</Value>
          </Content>
        </HiddenCell>
        <HiddenCell>
          <Active>true</Active>
          <InverseCompare>false</InverseCompare>
          <Content>
            <Value>$0.00</Value>
          </Content>
        </HiddenCell>
        <RowLabel>9</RowLabel>
        <DrilldownId>Samsung</DrilldownId>
        <PrimaryKey>Samsung</PrimaryKey>
        <Key>Samsung</Key>
      </Row>
      <IncludeLinker>false</IncludeLinker>
      <DataSetLabel>September 11, 2010 - October 11, 2010</DataSetLabel>
      <Compare>false</Compare>
      <Sampled>false</Sampled>
      <RowDataRange>1 - 9 of 9</RowDataRange>
      <RowEnd>9</RowEnd>
      <FilterString></FilterString>
      <ColumnStart>0</ColumnStart>
      <AdvancedFilterShown>false</AdvancedFilterShown>
      <ActiveColumn>
        <Name>Visits</Name>
        <Active>true</Active>
        <ScaleFactor>1</ScaleFactor>
        <RawName>visits</RawName>
        <Total>1,038</Total>
      </ActiveColumn>
      <ActiveColumn>
        <Name>Pages/Visit</Name>
        <Active>true</Active>
        <ScaleFactor>3.2059925093632957</ScaleFactor>
        <RawName>avg_pageviews</RawName>
        <Total>2.17</Total>
      </ActiveColumn>
      <ActiveColumn>
        <Name>Avg. Time on Site</Name>
        <Active>true</Active>
        <ScaleFactor>161.3</ScaleFactor>
        <RawName>avg_session_time</RawName>
        <Total>00:01:37</Total>
      </ActiveColumn>
      <ActiveColumn>
        <Name>% New Visits</Name>
        <Active>true</Active>
        <ScaleFactor>1.0</ScaleFactor>
        <RawName>percent_new_visitors</RawName>
        <Total>85.55%</Total>
      </ActiveColumn>
      <ActiveColumn>
        <Name>Bounce Rate</Name>
        <Active>true</Active>
        <ScaleFactor>1.0</ScaleFactor>
        <RawName>bounce_rate</RawName>
        <Total>61.46%</Total>
      </ActiveColumn>
      <SeeAllLabel>see all</SeeAllLabel>
      <DeltaMessage>% Change</DeltaMessage>
      <SimultaneousDrilldown>false</SimultaneousDrilldown>
      <KeyColumn>
        <DrilldownId>platform</DrilldownId>
        <KeyName>platform</KeyName>
      </KeyColumn>
      <KeyColumn>
        <DrilldownId>none</DrilldownId>
        <KeyName>none</KeyName>
      </KeyColumn>
      <RowShow>10</RowShow>
      <RowCount>9</RowCount>
      <TableFilteringEnabled>true</TableFilteringEnabled>
      <KeyFilterEnabled>true</KeyFilterEnabled>
      <RowStart>0</RowStart>
      <HasCustomTooltips>false</HasCustomTooltips>
      <ColumnCount>0</ColumnCount>
      <NoDataLabel>There is no data for this view.</NoDataLabel>
      <FilterType>0</FilterType>
      <ColumnEnd>0</ColumnEnd>
      <AdvancedFilterApplied>false</AdvancedFilterApplied>
    </Table>
    <TableFilter id="TableFilter">
      <Group>
        <Column>
          <Name>Visits</Name>
          <RawName>visits</RawName>
        </Column>
        <Column>
          <Name>Pages/Visit</Name>
          <RawName>avg_pageviews</RawName>
        </Column>
        <Column>
          <Name>Avg. Time on Site</Name>
          <RawName>avg_session_time</RawName>
        </Column>
        <Column>
          <Name>% New Visits</Name>
          <RawName>percent_new_visitors</RawName>
        </Column>
        <Column>
          <Name>Bounce Rate</Name>
          <RawName>bounce_rate</RawName>
        </Column>
        <GroupName>Site Usage</GroupName>
      </Group>
      <Group>
        <Column>
          <Name>Shopping Cart</Name>
          <RawName>goal_conversion_rate_1</RawName>
        </Column>
        <Column>
          <Name>Studio Enterprise Page</Name>
          <RawName>goal_conversion_rate_2</RawName>
        </Column>
        <Column>
          <Name>Super Products List</Name>
          <RawName>goal_conversion_rate_3</RawName>
        </Column>
        <Column>
          <Name>Download Page</Name>
          <RawName>goal_conversion_rate_4</RawName>
        </Column>
        <Column>
          <Name>Goal Conversion Rate</Name>
          <RawName>goal_conversion_rate</RawName>
        </Column>
        <Column>
          <Name>Per Visit Goal Value</Name>
          <RawName>goal_value_per_visit</RawName>
        </Column>
        <GroupName>Goal Set 1</GroupName>
      </Group>
      <Group>
        <Column>
          <Name>Revenue</Name>
          <RawName>revenue</RawName>
        </Column>
        <Column>
          <Name>Transactions</Name>
          <RawName>transactions</RawName>
        </Column>
        <Column>
          <Name>Average Value</Name>
          <RawName>revenue_per_transaction</RawName>
        </Column>
        <Column>
          <Name>Ecommerce Conversion Rate</Name>
          <RawName>transactions_per_visit</RawName>
        </Column>
        <Column>
          <Name>Per Visit Value</Name>
          <RawName>revenue_per_visit</RawName>
        </Column>
        <GroupName>Ecommerce</GroupName>
      </Group>
      <AdvSegmentApplied>false</AdvSegmentApplied>
      <TableView>0</TableView>
      <Compare>false</Compare>
      <KeyColumnHeaders>
        <entry>
          <key>
            <KeyColumnHeader>platform</KeyColumnHeader>
          </key>
          <value>
            <KeyColumnHeader>Operating System</KeyColumnHeader>
          </value>
        </entry>
      </KeyColumnHeaders>
    </TableFilter>
  </Report>
</AnalyticsReport>
