<?xml version="1.0" ?>
<AnalyticsReport>
  <Report name="Traffic Sources Overview">
    <Title id="Title">
      <CompareStateHelp>Compare report data to overall site performance and include report data when calculating site performance (% of Site Total or Site Avg.).</CompareStateHelp>
      <ShowDateControl>true</ShowDateControl>
      <PrimaryDateRange>September 11, 2010 - October 11, 2010</PrimaryDateRange>
      <Compare>false</Compare>
      <Sampled>false</Sampled>
      <CompareStateMsg>Site</CompareStateMsg>
      <Name>Traffic Sources Overview</Name>
      <CompareMsg>Comparing to:</CompareMsg>
      <ProfileName>www.componentone.com</ProfileName>
      <FilterApplied>false</FilterApplied>
      <ShowCompare>true</ShowCompare>
      <DetailSeparator> | </DetailSeparator>
    </Title>
    <Graph id="Graph">
      <ShowHover>true</ShowHover>
      <Format>NORMAL</Format>
      <XAxisTitle>Day</XAxisTitle>
      <Compare>false</Compare>
      <XAxisLabel>Sep 13</XAxisLabel>
      <XAxisLabel>Sep 20</XAxisLabel>
      <XAxisLabel>Sep 27</XAxisLabel>
      <XAxisLabel>Oct 4</XAxisLabel>
      <XAxisLabel>Oct 11</XAxisLabel>
      <SelectedSerie>primary</SelectedSerie>
      <SelectedSerie>compare</SelectedSerie>
      <Serie>
        <SelectionStartIndex>0</SelectionStartIndex>
        <SelectionEndIndex>30</SelectionEndIndex>
        <Style>
          <Name>primary-blue</Name>
          <PointShape>CIRCLE</PointShape>
          <PointRadius>9</PointRadius>
          <FillColor>30668</FillColor>
          <FillAlpha>10</FillAlpha>
          <LineThickness>4</LineThickness>
          <ActiveColor>30668</ActiveColor>
          <InactiveColor>11654895</InactiveColor>
        </Style>
        <Id>primary</Id>
        <Label>Visits</Label>
        <YLabel>0</YLabel>
        <YLabel>2,500</YLabel>
        <YLabel>5,000</YLabel>
        <ValueCategory>visits</ValueCategory>
        <Point>
          <Value>2,055</Value>
          <Label>Saturday, September 11, 2010</Label>
        </Point>
        <Point>
          <Value>2,280</Value>
          <Label>Sunday, September 12, 2010</Label>
        </Point>
        <Point>
          <Value>4,567</Value>
          <Label>Monday, September 13, 2010</Label>
        </Point>
        <Point>
          <Value>4,749</Value>
          <Label>Tuesday, September 14, 2010</Label>
        </Point>
        <Point>
          <Value>4,727</Value>
          <Label>Wednesday, September 15, 2010</Label>
        </Point>
        <Point>
          <Value>4,480</Value>
          <Label>Thursday, September 16, 2010</Label>
        </Point>
        <Point>
          <Value>3,679</Value>
          <Label>Friday, September 17, 2010</Label>
        </Point>
        <Point>
          <Value>2,253</Value>
          <Label>Saturday, September 18, 2010</Label>
        </Point>
        <Point>
          <Value>2,275</Value>
          <Label>Sunday, September 19, 2010</Label>
        </Point>
        <Point>
          <Value>4,409</Value>
          <Label>Monday, September 20, 2010</Label>
        </Point>
        <Point>
          <Value>4,439</Value>
          <Label>Tuesday, September 21, 2010</Label>
        </Point>
        <Point>
          <Value>4,107</Value>
          <Label>Wednesday, September 22, 2010</Label>
        </Point>
        <Point>
          <Value>4,502</Value>
          <Label>Thursday, September 23, 2010</Label>
        </Point>
        <Point>
          <Value>3,629</Value>
          <Label>Friday, September 24, 2010</Label>
        </Point>
        <Point>
          <Value>2,090</Value>
          <Label>Saturday, September 25, 2010</Label>
        </Point>
        <Point>
          <Value>2,445</Value>
          <Label>Sunday, September 26, 2010</Label>
        </Point>
        <Point>
          <Value>4,320</Value>
          <Label>Monday, September 27, 2010</Label>
        </Point>
        <Point>
          <Value>4,378</Value>
          <Label>Tuesday, September 28, 2010</Label>
        </Point>
        <Point>
          <Value>4,487</Value>
          <Label>Wednesday, September 29, 2010</Label>
        </Point>
        <Point>
          <Value>4,012</Value>
          <Label>Thursday, September 30, 2010</Label>
        </Point>
        <Point>
          <Value>3,344</Value>
          <Label>Friday, October 1, 2010</Label>
        </Point>
        <Point>
          <Value>1,851</Value>
          <Label>Saturday, October 2, 2010</Label>
        </Point>
        <Point>
          <Value>2,200</Value>
          <Label>Sunday, October 3, 2010</Label>
        </Point>
        <Point>
          <Value>4,175</Value>
          <Label>Monday, October 4, 2010</Label>
        </Point>
        <Point>
          <Value>4,364</Value>
          <Label>Tuesday, October 5, 2010</Label>
        </Point>
        <Point>
          <Value>4,739</Value>
          <Label>Wednesday, October 6, 2010</Label>
        </Point>
        <Point>
          <Value>4,483</Value>
          <Label>Thursday, October 7, 2010</Label>
        </Point>
        <Point>
          <Value>3,696</Value>
          <Label>Friday, October 8, 2010</Label>
        </Point>
        <Point>
          <Value>2,045</Value>
          <Label>Saturday, October 9, 2010</Label>
        </Point>
        <Point>
          <Value>2,409</Value>
          <Label>Sunday, October 10, 2010</Label>
        </Point>
        <Point>
          <Value>4,131</Value>
          <Label>Monday, October 11, 2010</Label>
        </Point>
      </Serie>
    </Graph>
    <Narrative id="NarrativeTitle">
      <Line>
        <LineType>NORMAL</LineType>
        <Content>All traffic sources sent a total of 111,320 visits</Content>
      </Line>
      <Type>NORMAL</Type>
      <Compare>false</Compare>
    </Narrative>
    <Sparkline id="DirectSparkline">
      <PrimaryValue>520.0</PrimaryValue>
      <PrimaryValue>598.0</PrimaryValue>
      <PrimaryValue>1335.0</PrimaryValue>
      <PrimaryValue>1441.0</PrimaryValue>
      <PrimaryValue>1528.0</PrimaryValue>
      <PrimaryValue>1378.0</PrimaryValue>
      <PrimaryValue>1104.0</PrimaryValue>
      <PrimaryValue>605.0</PrimaryValue>
      <PrimaryValue>622.0</PrimaryValue>
      <PrimaryValue>1350.0</PrimaryValue>
      <PrimaryValue>1318.0</PrimaryValue>
      <PrimaryValue>1230.0</PrimaryValue>
      <PrimaryValue>1233.0</PrimaryValue>
      <PrimaryValue>1059.0</PrimaryValue>
      <PrimaryValue>602.0</PrimaryValue>
      <PrimaryValue>713.0</PrimaryValue>
      <PrimaryValue>1361.0</PrimaryValue>
      <PrimaryValue>1288.0</PrimaryValue>
      <PrimaryValue>1377.0</PrimaryValue>
      <PrimaryValue>1359.0</PrimaryValue>
      <PrimaryValue>1076.0</PrimaryValue>
      <PrimaryValue>529.0</PrimaryValue>
      <PrimaryValue>651.0</PrimaryValue>
      <PrimaryValue>1279.0</PrimaryValue>
      <PrimaryValue>1339.0</PrimaryValue>
      <PrimaryValue>1353.0</PrimaryValue>
      <PrimaryValue>1477.0</PrimaryValue>
      <PrimaryValue>1069.0</PrimaryValue>
      <PrimaryValue>617.0</PrimaryValue>
      <PrimaryValue>736.0</PrimaryValue>
      <PrimaryValue>1305.0</PrimaryValue>
      <SparklineValueType>visits</SparklineValueType>
      <ControlForGraphMetric>false</ControlForGraphMetric>
      <Compare>false</Compare>
    </Sparkline>
    <ItemSummary id="DirectSummary">
      <Item>
        <SummaryValue>30.05%</SummaryValue>
      </Item>
      <Active>true</Active>
      <Message>Direct Traffic</Message>
      <InverseCompare>false</InverseCompare>
      <Compare>false</Compare>
    </ItemSummary>
    <Sparkline id="ReferralSparkline">
      <PrimaryValue>235.0</PrimaryValue>
      <PrimaryValue>238.0</PrimaryValue>
      <PrimaryValue>611.0</PrimaryValue>
      <PrimaryValue>655.0</PrimaryValue>
      <PrimaryValue>704.0</PrimaryValue>
      <PrimaryValue>654.0</PrimaryValue>
      <PrimaryValue>546.0</PrimaryValue>
      <PrimaryValue>264.0</PrimaryValue>
      <PrimaryValue>287.0</PrimaryValue>
      <PrimaryValue>612.0</PrimaryValue>
      <PrimaryValue>636.0</PrimaryValue>
      <PrimaryValue>610.0</PrimaryValue>
      <PrimaryValue>599.0</PrimaryValue>
      <PrimaryValue>511.0</PrimaryValue>
      <PrimaryValue>232.0</PrimaryValue>
      <PrimaryValue>311.0</PrimaryValue>
      <PrimaryValue>643.0</PrimaryValue>
      <PrimaryValue>700.0</PrimaryValue>
      <PrimaryValue>644.0</PrimaryValue>
      <PrimaryValue>567.0</PrimaryValue>
      <PrimaryValue>479.0</PrimaryValue>
      <PrimaryValue>200.0</PrimaryValue>
      <PrimaryValue>252.0</PrimaryValue>
      <PrimaryValue>579.0</PrimaryValue>
      <PrimaryValue>725.0</PrimaryValue>
      <PrimaryValue>584.0</PrimaryValue>
      <PrimaryValue>641.0</PrimaryValue>
      <PrimaryValue>519.0</PrimaryValue>
      <PrimaryValue>250.0</PrimaryValue>
      <PrimaryValue>259.0</PrimaryValue>
      <PrimaryValue>584.0</PrimaryValue>
      <SparklineValueType>visits</SparklineValueType>
      <ControlForGraphMetric>false</ControlForGraphMetric>
      <Compare>false</Compare>
    </Sparkline>
    <ItemSummary id="ReferralSummary">
      <Item>
        <SummaryValue>13.77%</SummaryValue>
      </Item>
      <Active>true</Active>
      <Message>Referring Sites</Message>
      <InverseCompare>false</InverseCompare>
      <Compare>false</Compare>
    </ItemSummary>
    <Sparkline id="SearchSparkline">
      <PrimaryValue>857.0</PrimaryValue>
      <PrimaryValue>985.0</PrimaryValue>
      <PrimaryValue>1826.0</PrimaryValue>
      <PrimaryValue>1877.0</PrimaryValue>
      <PrimaryValue>1881.0</PrimaryValue>
      <PrimaryValue>1873.0</PrimaryValue>
      <PrimaryValue>1523.0</PrimaryValue>
      <PrimaryValue>934.0</PrimaryValue>
      <PrimaryValue>919.0</PrimaryValue>
      <PrimaryValue>1871.0</PrimaryValue>
      <PrimaryValue>1918.0</PrimaryValue>
      <PrimaryValue>1781.0</PrimaryValue>
      <PrimaryValue>1877.0</PrimaryValue>
      <PrimaryValue>1551.0</PrimaryValue>
      <PrimaryValue>862.0</PrimaryValue>
      <PrimaryValue>1001.0</PrimaryValue>
      <PrimaryValue>1802.0</PrimaryValue>
      <PrimaryValue>1829.0</PrimaryValue>
      <PrimaryValue>1889.0</PrimaryValue>
      <PrimaryValue>1575.0</PrimaryValue>
      <PrimaryValue>1405.0</PrimaryValue>
      <PrimaryValue>763.0</PrimaryValue>
      <PrimaryValue>906.0</PrimaryValue>
      <PrimaryValue>1749.0</PrimaryValue>
      <PrimaryValue>1807.0</PrimaryValue>
      <PrimaryValue>1867.0</PrimaryValue>
      <PrimaryValue>1789.0</PrimaryValue>
      <PrimaryValue>1570.0</PrimaryValue>
      <PrimaryValue>762.0</PrimaryValue>
      <PrimaryValue>968.0</PrimaryValue>
      <PrimaryValue>1682.0</PrimaryValue>
      <SparklineValueType>visits</SparklineValueType>
      <ControlForGraphMetric>false</ControlForGraphMetric>
      <Compare>false</Compare>
    </Sparkline>
    <ItemSummary id="SearchSummary">
      <Item>
        <SummaryValue>41.23%</SummaryValue>
      </Item>
      <Active>true</Active>
      <Message>Search Engines</Message>
      <InverseCompare>false</InverseCompare>
      <Compare>false</Compare>
    </ItemSummary>
    <Pie id="Pie">
      <Format>OVERVIEW</Format>
      <Label>Search Engines</Label>
      <Label>Direct Traffic</Label>
      <Label>Referring Sites</Label>
      <Label>Other</Label>
      <PercentValue>41.23%</PercentValue>
      <PercentValue>30.05%</PercentValue>
      <PercentValue>13.77%</PercentValue>
      <PercentValue>14.95%</PercentValue>
      <Compare>false</Compare>
      <RawValue>45,899.00</RawValue>
      <RawValue>33,452.00</RawValue>
      <RawValue>15,331.00</RawValue>
      <RawValue>16,638</RawValue>
      <HasOtherSlice>true</HasOtherSlice>
    </Pie>
    <Narrative id="Narrative">
      <Line>
        <LineType>NORMAL</LineType>
        <Content>Top Traffic Sources</Content>
      </Line>
      <Type>NORMAL</Type>
      <Compare>false</Compare>
    </Narrative>
    <MiniTable id="SourceMiniTable">
      <Row>
        <Cell>
          <Content>
            <Value>33,452</Value>
          </Content>
        </Cell>
        <Cell>
          <Content>
            <Value>30.05%</Value>
          </Content>
        </Cell>
        <ReportUrl>source?id=224476&amp;pdr=20100911-20101011&amp;cmp=average&amp;trows=10&amp;gdfmt=nth_day&amp;rpt=TrafficSourcesReport&amp;d1=%28direct%29&amp;tab=0&amp;tchcol=0&amp;tst=0&amp;tscol=v0&amp;tsdir=0&amp;mdet=WORLD&amp;midx=0&amp;gidx=0&amp;glcnt=1&amp;sgtyp=OTHER_DATA&amp;gdfmt=nth_day</ReportUrl>
        <DrilldownId>(direct)</DrilldownId>
        <DrilldownId>(none)</DrilldownId>
        <PrimaryKey>(direct) ((none))</PrimaryKey>
        <Key>(direct)</Key>
        <Key>(none)</Key>
      </Row>
      <Row>
        <Cell>
          <Content>
            <Value>28,012</Value>
          </Content>
        </Cell>
        <Cell>
          <Content>
            <Value>25.16%</Value>
          </Content>
        </Cell>
        <ReportUrl>source?id=224476&amp;pdr=20100911-20101011&amp;cmp=average&amp;trows=10&amp;gdfmt=nth_day&amp;rpt=TrafficSourcesReport&amp;d1=google&amp;tab=0&amp;tchcol=0&amp;tst=0&amp;tscol=v0&amp;tsdir=0&amp;mdet=WORLD&amp;midx=0&amp;gidx=0&amp;glcnt=1&amp;sgtyp=OTHER_DATA&amp;gdfmt=nth_day</ReportUrl>
        <DrilldownId>google</DrilldownId>
        <DrilldownId>organic</DrilldownId>
        <PrimaryKey>google (organic)</PrimaryKey>
        <Key>google</Key>
        <Key>organic</Key>
      </Row>
      <Row>
        <Cell>
          <Content>
            <Value>14,470</Value>
          </Content>
        </Cell>
        <Cell>
          <Content>
            <Value>13.00%</Value>
          </Content>
        </Cell>
        <ReportUrl>source?id=224476&amp;pdr=20100911-20101011&amp;cmp=average&amp;trows=10&amp;gdfmt=nth_day&amp;rpt=TrafficSourcesReport&amp;d1=google&amp;tab=0&amp;tchcol=0&amp;tst=0&amp;tscol=v0&amp;tsdir=0&amp;mdet=WORLD&amp;midx=0&amp;gidx=0&amp;glcnt=1&amp;sgtyp=OTHER_DATA&amp;gdfmt=nth_day</ReportUrl>
        <DrilldownId>google</DrilldownId>
        <DrilldownId>cpc</DrilldownId>
        <PrimaryKey>google (cpc)</PrimaryKey>
        <Key>google</Key>
        <Key>cpc</Key>
      </Row>
      <Row>
        <Cell>
          <Content>
            <Value>4,891</Value>
          </Content>
        </Cell>
        <Cell>
          <Content>
            <Value>4.39%</Value>
          </Content>
        </Cell>
        <ReportUrl>source?id=224476&amp;pdr=20100911-20101011&amp;cmp=average&amp;trows=10&amp;gdfmt=nth_day&amp;rpt=TrafficSourcesReport&amp;d1=neudesic%2Bron&amp;tab=0&amp;tchcol=0&amp;tst=0&amp;tscol=v0&amp;tsdir=0&amp;mdet=WORLD&amp;midx=0&amp;gidx=0&amp;glcnt=1&amp;sgtyp=OTHER_DATA&amp;gdfmt=nth_day</ReportUrl>
        <DrilldownId>neudesic+ron</DrilldownId>
        <DrilldownId>banner</DrilldownId>
        <PrimaryKey>neudesic+ron (banner)</PrimaryKey>
        <Key>neudesic+ron</Key>
        <Key>banner</Key>
      </Row>
      <Row>
        <Cell>
          <Content>
            <Value>4,598</Value>
          </Content>
        </Cell>
        <Cell>
          <Content>
            <Value>4.13%</Value>
          </Content>
        </Cell>
        <ReportUrl>source?id=224476&amp;pdr=20100911-20101011&amp;cmp=average&amp;trows=10&amp;gdfmt=nth_day&amp;rpt=TrafficSourcesReport&amp;d1=silverlight.net&amp;tab=0&amp;tchcol=0&amp;tst=0&amp;tscol=v0&amp;tsdir=0&amp;mdet=WORLD&amp;midx=0&amp;gidx=0&amp;glcnt=1&amp;sgtyp=OTHER_DATA&amp;gdfmt=nth_day</ReportUrl>
        <DrilldownId>silverlight.net</DrilldownId>
        <DrilldownId>get started banner</DrilldownId>
        <PrimaryKey>silverlight.net (get started banner)</PrimaryKey>
        <Key>silverlight.net</Key>
        <Key>get started banner</Key>
      </Row>
      <KeyColumnName>Sources</KeyColumnName>
      <Dashboard>false</Dashboard>
      <Compare>false</Compare>
      <NextLink>source</NextLink>
      <ColumnName>Visits</ColumnName>
      <ColumnName>% visits</ColumnName>
      <LinkKeys>true</LinkKeys>
    </MiniTable>
    <MiniTable id="KeywordMiniTable">
      <Row>
        <Cell>
          <Content>
            <Value>5,546</Value>
          </Content>
        </Cell>
        <Cell>
          <Content>
            <Value>12.08%</Value>
          </Content>
        </Cell>
        <ReportUrl>keyword_detail?id=224476&amp;pdr=20100911-20101011&amp;cmp=average&amp;trows=10&amp;gdfmt=nth_day&amp;rpt=TrafficSourcesReport&amp;d1=componentone&amp;tab=0&amp;tchcol=0&amp;tst=0&amp;tscol=v0&amp;tsdir=0&amp;mdet=WORLD&amp;midx=0&amp;gidx=0&amp;glcnt=1&amp;sgtyp=OTHER_DATA&amp;gdfmt=nth_day</ReportUrl>
        <DrilldownId>componentone</DrilldownId>
        <PrimaryKey>componentone</PrimaryKey>
        <Key>componentone</Key>
      </Row>
      <Row>
        <Cell>
          <Content>
            <Value>5,427</Value>
          </Content>
        </Cell>
        <Cell>
          <Content>
            <Value>11.82%</Value>
          </Content>
        </Cell>
        <ReportUrl>keyword_detail?id=224476&amp;pdr=20100911-20101011&amp;cmp=average&amp;trows=10&amp;gdfmt=nth_day&amp;rpt=TrafficSourcesReport&amp;d1=%28content+targeting%29&amp;tab=0&amp;tchcol=0&amp;tst=0&amp;tscol=v0&amp;tsdir=0&amp;mdet=WORLD&amp;midx=0&amp;gidx=0&amp;glcnt=1&amp;sgtyp=OTHER_DATA&amp;gdfmt=nth_day</ReportUrl>
        <DrilldownId>(content targeting)</DrilldownId>
        <PrimaryKey>(content targeting)</PrimaryKey>
        <Key>(content targeting)</Key>
      </Row>
      <Row>
        <Cell>
          <Content>
            <Value>3,738</Value>
          </Content>
        </Cell>
        <Cell>
          <Content>
            <Value>8.14%</Value>
          </Content>
        </Cell>
        <ReportUrl>keyword_detail?id=224476&amp;pdr=20100911-20101011&amp;cmp=average&amp;trows=10&amp;gdfmt=nth_day&amp;rpt=TrafficSourcesReport&amp;d1=component+one&amp;tab=0&amp;tchcol=0&amp;tst=0&amp;tscol=v0&amp;tsdir=0&amp;mdet=WORLD&amp;midx=0&amp;gidx=0&amp;glcnt=1&amp;sgtyp=OTHER_DATA&amp;gdfmt=nth_day</ReportUrl>
        <DrilldownId>component one</DrilldownId>
        <PrimaryKey>component one</PrimaryKey>
        <Key>component one</Key>
      </Row>
      <Row>
        <Cell>
          <Content>
            <Value>1,514</Value>
          </Content>
        </Cell>
        <Cell>
          <Content>
            <Value>3.30%</Value>
          </Content>
        </Cell>
        <ReportUrl>keyword_detail?id=224476&amp;pdr=20100911-20101011&amp;cmp=average&amp;trows=10&amp;gdfmt=nth_day&amp;rpt=TrafficSourcesReport&amp;d1=asp+net&amp;tab=0&amp;tchcol=0&amp;tst=0&amp;tscol=v0&amp;tsdir=0&amp;mdet=WORLD&amp;midx=0&amp;gidx=0&amp;glcnt=1&amp;sgtyp=OTHER_DATA&amp;gdfmt=nth_day</ReportUrl>
        <DrilldownId>asp net</DrilldownId>
        <PrimaryKey>asp net</PrimaryKey>
        <Key>asp net</Key>
      </Row>
      <Row>
        <Cell>
          <Content>
            <Value>1,490</Value>
          </Content>
        </Cell>
        <Cell>
          <Content>
            <Value>3.25%</Value>
          </Content>
        </Cell>
        <ReportUrl>keyword_detail?id=224476&amp;pdr=20100911-20101011&amp;cmp=average&amp;trows=10&amp;gdfmt=nth_day&amp;rpt=TrafficSourcesReport&amp;d1=silverlight&amp;tab=0&amp;tchcol=0&amp;tst=0&amp;tscol=v0&amp;tsdir=0&amp;mdet=WORLD&amp;midx=0&amp;gidx=0&amp;glcnt=1&amp;sgtyp=OTHER_DATA&amp;gdfmt=nth_day</ReportUrl>
        <DrilldownId>silverlight</DrilldownId>
        <PrimaryKey>silverlight</PrimaryKey>
        <Key>silverlight</Key>
      </Row>
      <KeyColumnName>Keywords</KeyColumnName>
      <Dashboard>false</Dashboard>
      <Compare>false</Compare>
      <NextLink>keyword_detail</NextLink>
      <ColumnName>Visits</ColumnName>
      <ColumnName>% visits</ColumnName>
      <LinkKeys>true</LinkKeys>
    </MiniTable>
  </Report>
</AnalyticsReport>
